InvoiceNo,StockCode,Description,Quantity,InvoiceDate,UnitPrice,CustomerID,Country
INV10629,P5569,It Of,45,2025-06-30 03:26:14,5.41,10089.0,United Kingdom
INV10788,P1423,Live Eight,35,2024-08-05 19:57:11,74.23,10062.0,Canada
INV10684,P8933,Unit Example,45,2023-12-01 22:12:30,66.75,10063.0,Australia
INV10516,P2020,Fill Relationship,1,2024-12-12 00:34:30,56.25,10034.0,Netherlands
INV10529,P9947,Though Could,24,2024-03-12 10:59:29,38.15,10023.0,Australia
INV10657,P1282,Occur Evidence,5,2025-01-19 03:15:43,49.95,10006.0,France
INV10552,P1823,What Follow,35,2025-02-14 15:01:34,3.88,10060.0,France
INV10531,P8999,Beyond Next,50,2023-09-22 01:26:54,52.89,10095.0,United Kingdom
INV10321,P5533,Push Start,14,2024-10-21 19:53:14,32.44,10065.0,France
INV10070,P5422,Risk Officer,18,2025-04-06 08:08:33,17.08,10033.0,Canada
INV10837,P9998,Study Attention,23,2023-08-20 09:55:29,13.62,10071.0,Netherlands
INV10453,P5011,Place Provide,50,2025-01-16 16:06:20,26.81,,Germany
INV10996,P5106,Per Much,34,2023-12-25 09:33:48,91.1,10059.0,United Kingdom
INV10668,P7971,Executive Power,7,2024-08-25 00:55:00,72.28,10034.0,Netherlands
INV10247,P9883,Magazine Part,29,2025-07-16 04:39:19,38.47,10018.0,USA
INV10613,P8102,Professor Forget,7,2025-02-06 04:05:45,93.8,10013.0,Germany
INV10844,P4920,Peace Total,39,2024-05-19 08:49:50,62.51,10009.0,Netherlands
INV10704,P2680,Short Present,32,2023-09-16 02:44:13,66.3,10036.0,Netherlands
INV10298,P9900,Believe Rather,-3,2024-10-02 08:54:39,40.32,10092.0,USA
INV10101,P2796,Their Cause,24,2023-10-07 06:21:58,29.58,10005.0,Germany
INV10902,P3068,Mouth Receive,28,2024-06-30 16:59:56,78.89,10012.0,United Kingdom
INV10919,P2315,Physical Against,9,2025-02-15 13:44:56,62.63,10029.0,Canada
INV10213,P7912,Build Into,-12,2024-09-30 22:03:04,6.79,10022.0,France
INV10237,P5345,Stuff End,34,2024-04-02 01:44:39,67.29,10018.0,Netherlands
INV10595,P4249,Identify Member,35,2025-03-09 09:43:30,95.08,10088.0,Netherlands
INV10281,P2188,Adult Less,48,2024-10-09 11:34:56,12.65,10064.0,Australia
INV10870,P5526,Pressure Least,24,2024-10-31 23:16:38,83.98,10035.0,Germany
INV10286,P9808,Program Force,9,2025-04-27 16:39:44,24.67,10002.0,Germany
INV10922,P7226,Region Perform,22,2025-01-03 21:39:38,47.95,10051.0,USA
INV10887,P8460,,4,2024-03-03 14:09:59,69.75,10012.0,Australia
INV10464,P1090,Debate Political,9,2024-01-30 00:41:57,52.56,10083.0,Canada
INV10796,P9502,Sure None,31,2024-06-02 20:08:08,26.14,10047.0,Germany
INV10096,P3266,Candidate General,45,2025-04-20 10:58:51,32.49,10090.0,Netherlands
INV10244,P5861,Store Anything,9,2025-03-16 05:21:36,46.23,10032.0,Germany
INV10889,P4090,Hard Development,4,2025-03-29 17:48:27,91.16,10027.0,Netherlands
INV10076,P6168,They Least,14,2024-01-18 05:30:17,26.28,10061.0,Canada
INV10901,P1606,Dream Able,18,2024-01-22 22:17:28,24.18,10081.0,USA
INV10209,P4116,Challenge All,2,2023-09-05 16:40:08,21.41,10086.0,United Kingdom
INV10259,P4044,Memory Win,33,2025-02-08 18:58:24,42.85,10092.0,Canada
INV10158,P9835,Box Her,23,2025-05-18 00:55:22,93.03,,United Kingdom
INV10739,P4457,Recently Area,36,2024-04-20 08:15:08,17.72,10045.0,Australia
INV10432,P8043,I Deep,42,2023-11-10 22:42:09,39.37,10089.0,USA
INV10331,P2832,Traditional Buy,12,2023-12-31 03:16:30,13.08,10056.0,Germany
INV10956,P9153,Response Current,38,2024-09-11 09:05:15,95.45,10022.0,USA
INV10314,P5325,Teach Either,35,2023-12-22 14:44:51,57.94,10052.0,Netherlands
INV10294,P7054,But Skill,24,2024-11-09 10:05:20,57.88,10027.0,Canada
INV10382,P7548,Region Throughout,40,2025-06-22 19:02:03,33.03,10082.0,Canada
INV10388,P3925,Gun Level,22,2024-02-19 01:48:20,37.77,10091.0,Australia
INV10575,P4266,Color Congress,9,2025-07-06 18:27:25,82.69,10037.0,United Kingdom
INV10879,P3434,,11,2024-11-08 05:01:57,49.35,10090.0,United Kingdom
INV10442,P5649,Top Age,39,2024-02-09 13:37:19,7.8,10093.0,Australia
INV10721,P3485,Identify Possible,15,2025-07-12 17:04:54,44.67,10035.0,Canada
INV10059,P7065,Realize Professor,14,2024-12-20 02:07:28,-2.678087327766171,10039.0,Canada
INV10678,P6169,Should Machine,27,2025-07-21 02:42:16,55.34,10093.0,Australia
INV10370,P6000,Task Chance,35,2023-10-07 14:20:20,48.68,10024.0,USA
INV10482,P9976,Per Glass,12,2024-08-21 02:59:43,32.38,10049.0,Netherlands
INV10381,P9346,Public Behavior,3,2024-06-08 10:17:50,62.28,10098.0,France
INV10054,P7227,Deep Onto,7,2024-11-12 13:29:02,40.34,10042.0,Australia
INV10023,P1106,Sense Exactly,21,2025-05-24 07:56:07,33.76,10008.0,France
INV10030,P6514,Artist Yeah,27,2024-04-12 19:49:32,26.0,10045.0,France
INV10880,P8316,Environmental Foot,47,2024-08-04 12:46:21,74.02,10022.0,Germany
INV10430,P5700,Company Test,22,2025-06-27 00:43:12,4.52,10049.0,Netherlands
INV10010,P1520,Pressure Television,11,2024-12-29 15:10:29,10.43,10047.0,Netherlands
INV10656,P8342,May Each,2,2024-03-25 06:21:12,62.82,10061.0,Netherlands
INV10813,P5722,Party Main,13,2024-12-19 13:56:22,76.55,10013.0,Germany
INV10483,P8305,Man Area,26,2023-09-20 19:09:30,88.05,10047.0,Australia
INV10543,P9751,Far International,43,2025-04-11 23:19:20,13.35,10082.0,Canada
INV10199,P7735,Medical Perform,24,2024-05-13 06:46:17,15.82,10075.0,USA
INV10501,P9849,Whether General,21,2024-12-01 12:43:12,96.55,10011.0,Canada
INV10940,P6314,Degree Hospital,23,2023-12-27 14:39:16,88.11,10026.0,Netherlands
INV10107,P7252,Choice Half,17,2025-02-04 19:40:07,90.24,10053.0,United Kingdom
INV10218,P2235,He Hotel,28,2025-07-20 15:29:43,44.83,10005.0,Canada
INV10925,P9864,Million Very,43,2024-06-14 23:25:59,85.56,10000.0,Netherlands
INV10174,P1117,Technology Attack,28,2025-02-04 17:10:59,91.86,10024.0,Canada
INV10723,P5978,Treat Job,1,2025-06-18 23:52:57,19.49,10095.0,Australia
INV10881,P9824,Quickly She,23,2025-05-26 11:38:30,53.0,10045.0,Germany
INV10933,P2612,Or Board,35,2025-03-14 16:49:45,40.28,10014.0,Germany
INV10394,P6139,Almost Nation,-4,2025-07-20 00:21:03,13.59,10016.0,Netherlands
INV10039,P8527,Building Foot,7,2024-01-31 22:07:43,86.56,10053.0,United Kingdom
INV10833,P8242,Edge Fine,30,2024-05-13 10:56:04,2.78,10021.0,Netherlands
INV10773,P8195,Reality Young,18,2025-07-14 16:21:36,76.2,10062.0,Canada
INV10351,P4878,Look Half,19,2024-08-24 13:25:39,8.39,10054.0,Germany
INV10066,P5010,Hard What,6,2024-10-19 00:57:02,14.14,10096.0,United Kingdom
INV10277,P3144,Old Whether,48,2024-09-21 01:48:21,61.24,10006.0,Australia
INV10067,P3677,Talk Option,42,2024-12-01 23:42:34,15.21,10068.0,Netherlands
INV10910,P1251,Organization Sense,12,2023-12-07 18:43:48,89.26,10082.0,Canada
INV10439,P8752,Share Care,44,2024-10-15 10:56:35,41.8,10066.0,Germany
INV10736,P1986,Future Cultural,28,2025-07-01 17:56:46,61.73,10030.0,United Kingdom
INV10296,P3584,To Want,24,2025-02-13 12:47:24,39.71,10055.0,France
INV10620,P5425,Campaign Difficult,5,2024-04-25 10:22:29,1.7,10078.0,France
INV10490,P9540,Girl Learn,5,2024-12-04 22:44:33,56.22,10076.0,USA
INV10819,P5135,Fall Score,34,2024-09-30 03:06:49,6.85,,USA
INV10558,P6355,Stay Treat,26,2025-04-08 00:18:58,51.5,10086.0,Canada
INV10424,P3851,Glass Cover,2,2025-01-26 06:57:04,5.74,10010.0,United Kingdom
INV10924,P8994,Control Item,30,2024-04-08 13:15:49,54.16,10053.0,France
INV10312,P6617,Everybody Friend,18,2024-08-08 01:12:31,57.73,10002.0,Canada
INV10184,P5562,Central Usually,33,2024-05-21 16:39:38,59.76,10038.0,United Kingdom
INV10332,P2232,Trial Maintain,22,2025-05-05 16:48:42,59.83,10048.0,Germany
INV10088,P3287,Out Senior,47,2024-11-22 21:44:19,60.46,10035.0,France
INV10063,P2169,Care Message,40,2023-10-12 14:06:17,34.92,10051.0,Germany
INV10834,P1845,With Story,17,2023-08-16 20:04:54,42.72,10095.0,United Kingdom
INV10576,P1333,Although Something,24,2025-06-11 01:25:03,52.51,10024.0,Canada
INV10215,P5563,Continue Close,49,2023-10-18 10:26:57,28.18,10016.0,USA
INV10615,P8532,Mind Form,14,2024-12-22 11:04:36,63.49,10019.0,Germany
INV10513,P9890,Development Feeling,10,2024-04-08 13:13:26,87.84,10014.0,Canada
INV10290,P3170,Space Shake,48,2024-05-14 02:55:20,94.3,10025.0,United Kingdom
INV10377,P5564,Time Team,18,2024-09-02 17:10:43,79.24,10038.0,France
INV10891,P7274,Cost From,3,2025-05-29 19:53:30,14.61,10060.0,Netherlands
INV10969,P8237,Stock Sea,25,2024-05-04 18:22:14,60.04,10048.0,United Kingdom
INV10946,P3385,Nor Bag,14,2024-06-23 11:46:22,93.01,10010.0,USA
INV10786,P6280,Begin Almost,34,2024-02-22 17:05:42,42.59,10079.0,Australia
INV10425,P5930,Throughout Include,32,2023-10-10 19:49:50,4.76,10078.0,Netherlands
INV10696,P9751,Now Upon,28,2024-09-03 04:01:27,50.23,10049.0,Canada
INV10995,P4115,Officer Phone,26,2025-04-27 05:47:00,40.54,10099.0,France
INV10309,P5462,Daughter Cell,29,2024-08-07 19:35:52,16.23,10040.0,Canada
INV10086,P3340,Consumer Guy,45,2024-04-12 08:24:58,79.76,10037.0,USA
INV10731,P8381,Week Person,16,2024-03-27 06:28:22,89.8,10037.0,USA
INV10755,P5632,Appear Garden,48,2024-07-05 13:24:50,13.12,10094.0,United Kingdom
INV10310,P5616,Event Southern,18,2024-06-19 11:09:41,23.14,10044.0,France
INV10538,P6507,Impact Foot,3,2023-11-03 02:05:10,68.16,10002.0,Netherlands
INV10136,P6310,Lose Under,47,2025-02-18 09:12:05,53.14,10087.0,France
INV10958,P4804,Turn Window,15,2024-04-18 23:34:46,86.43,10005.0,Netherlands
INV10999,P1645,Shoulder Similar,37,2023-11-18 16:34:04,47.19,10098.0,USA
INV10728,P4697,As Point,12,2023-08-12 18:27:42,31.92,10094.0,USA
INV10261,P2113,Range Bit,39,2025-03-30 18:24:28,1.12,10076.0,Australia
INV10547,P2375,Pick Night,12,2023-10-31 04:09:05,22.5,10028.0,Netherlands
INV10168,P4681,Hard Risk,22,2023-08-28 06:22:21,86.08,10024.0,Canada
INV10790,P4750,Conference Bring,21,2024-07-17 01:17:10,61.76,10043.0,USA
INV10448,P4680,Many Baby,47,2023-10-21 13:24:43,23.56,,Australia
INV10139,P2832,Size New,1,2024-09-28 09:54:15,40.04,10078.0,Australia
INV10685,P5530,Federal Color,13,2025-04-23 07:25:08,22.39,,USA
INV10666,P9698,Decade Economic,22,2024-09-03 18:01:26,19.12,10087.0,United Kingdom
INV10857,P9337,Table Artist,24,2025-01-14 11:54:48,82.63,10030.0,Germany
INV10518,P7883,Class Successful,45,2024-01-23 10:41:45,74.43,10058.0,Netherlands
INV10678,P6169,Should Machine,27,2025-07-21 02:42:16,55.34,10093.0,Australia
INV10533,P5471,Identify East,33,2025-04-15 09:15:55,84.16,10031.0,United Kingdom
INV10055,P5554,Feeling Share,44,2025-03-04 09:33:38,48.51,10040.0,Netherlands
INV10120,P8433,Nature News,12,2025-02-27 23:54:57,60.05,10036.0,USA
INV10530,P4613,Quickly Responsibility,12,2023-08-25 19:41:01,54.33,10048.0,Australia
INV10025,P7924,Maintain Some,12,2023-11-22 01:33:33,67.27,10082.0,France
INV10072,P6313,Support Might,44,2024-10-07 06:59:33,73.35,10074.0,Canada
INV10044,P5803,Sport Now,4,2025-04-19 12:44:34,13.17,10027.0,USA
INV10249,P6138,Head Discuss,20,2023-12-21 06:36:03,99.55,10073.0,United Kingdom
INV10404,P9518,Many Suffer,26,2024-12-26 11:36:37,11.11,10061.0,Australia
INV10847,P1224,Itself Play,38,2023-10-14 00:51:54,53.73,10075.0,Germany
INV10703,P9042,Mind Himself,45,2024-06-28 21:52:08,13.5,10002.0,USA
INV10918,P7512,Tv Truth,27,2025-08-11 15:58:01,47.82,10051.0,Netherlands
INV10198,P7939,Use Exist,44,2024-08-28 12:57:07,76.9,10080.0,Germany
INV10542,P3091,It Over,10,2024-05-26 22:17:00,50.7,10009.0,USA
INV10355,P1406,Figure Word,17,2025-04-10 05:21:41,69.47,10074.0,Netherlands
INV10323,P1058,Wrong Staff,48,2025-01-19 04:13:11,82.69,10007.0,USA
INV10649,P2402,Reflect Five,46,2023-12-25 10:42:54,73.51,10089.0,United Kingdom
INV10916,P5342,Mean Home,26,2024-01-04 09:23:05,47.49,10052.0,France
INV10235,P1035,Pm Know,24,2023-09-18 11:50:24,44.8,10038.0,Germany
INV10580,P8758,Series Prepare,48,2025-01-26 22:33:52,24.35,10010.0,Germany
INV10949,P7751,Congress Friend,47,2024-02-26 04:07:19,73.26,10016.0,Canada
INV10943,P6873,Support Although,2,2025-02-15 11:20:07,67.87,10064.0,Canada
INV10907,P2633,How Single,1,2025-07-23 00:13:57,98.4,10054.0,Canada
INV10299,P5956,National Receive,8,2025-07-03 06:11:19,54.43,10085.0,USA
INV10060,P6820,Type Whole,17,2025-07-12 02:56:58,58.43,10038.0,United Kingdom
INV10327,P3647,Image Southern,3,2025-07-27 22:41:50,51.1,10056.0,Germany
INV10931,P2480,Question Continue,8,2024-10-17 22:42:26,44.42,10008.0,Canada
INV10601,P1672,Friend Candidate,48,2024-01-06 04:29:35,59.0,10063.0,Australia
INV10447,P6085,Public South,30,2023-10-21 04:10:56,78.47,10095.0,Canada
INV10829,P4073,Drug Green,1,2025-03-15 07:35:34,13.76,10027.0,USA
INV10650,P4954,Mission Now,13,2023-11-01 15:10:04,55.28,10029.0,France
INV10598,P2669,Open Art,17,2023-10-16 12:08:26,97.99,10021.0,Netherlands
INV10544,P1441,Speak If,44,2025-06-13 20:10:44,39.15,10024.0,France
INV10784,P1653,School Page,13,2024-12-13 17:19:24,9.63,10081.0,Australia
INV10305,P5333,Blue Stuff,48,2025-05-01 10:55:10,21.99,10028.0,USA
INV10318,P1832,Condition Order,33,2025-03-31 12:30:17,14.78,10017.0,France
INV10760,P4241,Rule Member,6,2025-04-13 06:17:18,65.96,10097.0,Canada
INV10494,P8206,Concern Show,46,2024-10-24 05:46:47,75.57,10074.0,USA
INV10265,P5033,Room Specific,11,2025-05-15 23:02:50,38.87,10060.0,Germany
INV10110,P5119,American Seem,35,2024-11-21 16:16:15,87.02,10081.0,Australia
INV10693,P3939,Surface Write,1,2025-01-01 00:10:03,36.24,10057.0,France
INV10944,P7141,Cause Represent,45,2024-06-07 08:24:00,5.44,10041.0,Canada
INV10527,P7865,Part From,27,2025-05-23 07:36:42,61.88,10030.0,Canada
INV10256,P1931,Level Play,32,2024-12-05 14:31:53,75.73,10012.0,USA
INV10260,P2122,Gas But,40,2024-09-17 00:47:57,82.36,10047.0,USA
INV10634,P6511,Down Gas,5,2024-07-28 15:38:14,97.51,10036.0,United Kingdom
INV10823,P9431,Lay Change,39,2025-05-28 05:06:14,1.02,10062.0,Netherlands
INV10429,P5978,Growth Check,22,2024-07-09 10:02:48,11.43,10001.0,France
INV10630,P8385,Spring Wrong,42,2024-07-17 01:21:14,4.59,10093.0,USA
INV10380,P6753,Wear Need,31,2024-12-06 14:17:17,19.78,10080.0,United Kingdom
INV10433,P6279,Suggest Difference,6,2025-04-05 19:33:10,46.73,10022.0,Netherlands
INV10734,P8025,Same Quality,12,2024-02-08 02:11:13,56.22,10021.0,Australia
INV10137,P9005,Only Loss,14,2025-06-26 22:28:20,25.36,,USA
INV10357,P6442,Yeah Claim,28,2024-11-07 12:41:18,63.69,,Australia
INV10528,P9818,Affect Treat,20,2024-05-19 22:49:21,69.1,10077.0,Netherlands
INV10221,P1828,Real Lawyer,32,2024-02-18 02:31:10,2.57,10021.0,France
INV10756,P8438,Great Campaign,29,2025-06-09 05:42:01,72.79,10056.0,Netherlands
INV10596,P2245,Run Ready,41,2024-12-24 10:06:48,21.09,10053.0,United Kingdom
INV10559,P6529,Southern Everyone,10,2025-07-17 17:04:58,72.62,10023.0,Australia
INV10363,P7267,So Resource,41,2024-11-13 13:47:14,84.95,10008.0,United Kingdom
INV10525,P5892,Record President,28,2023-10-05 15:30:41,74.49,10085.0,Germany
INV10208,P4139,Far Thousand,39,2025-01-07 09:07:55,23.79,10036.0,France
INV10411,P6143,Address Simply,36,2024-02-27 14:49:25,26.05,10053.0,France
INV10334,P9938,Administration Without,46,2024-09-16 10:17:37,87.73,10081.0,Netherlands
INV10210,P9786,Stock Simply,3,2024-04-22 07:42:47,64.16,10012.0,Australia
INV10350,P3532,Let Guess,48,2023-10-05 07:51:17,17.9,10058.0,USA
INV10078,P5386,Low Million,48,2024-04-09 02:17:11,97.88,10032.0,Australia
INV10029,P4527,Head Great,49,2025-02-01 04:10:15,94.91,10072.0,United Kingdom
INV10280,P6180,Increase Out,1,2024-05-28 23:32:00,7.25,10052.0,United Kingdom
INV10585,P7043,Although Certain,32,2025-03-03 06:37:33,73.63,10053.0,Netherlands
INV10752,P1534,Herself Charge,20,2025-06-30 22:01:08,32.65,10016.0,USA
INV10780,P9847,Last Very,25,2025-05-27 16:16:23,88.1,10019.0,Australia
INV10289,P5345,Commercial Phone,19,2023-12-12 10:47:16,28.69,10031.0,USA
INV10165,P8397,They Return,13,2025-02-26 09:03:02,82.49,10026.0,United Kingdom
INV10605,P7071,Later Support,19,2025-05-12 16:35:27,78.48,10014.0,Netherlands
INV10874,P5377,Vote Under,2,2023-09-14 19:14:15,79.13,10076.0,Netherlands
INV10720,P1878,Keep School,14,2024-04-10 02:19:45,10.25,,Germany
INV10065,P9751,Seat Five,2,2025-02-20 12:57:17,13.45,10062.0,USA
INV10141,P6038,Bit Reduce,26,2024-03-10 04:16:10,74.94,10054.0,USA
INV10275,P5351,Ask Collection,16,2023-11-04 18:30:15,79.0,10048.0,Germany
INV10835,P4335,Fine Region,48,2025-03-07 11:04:24,3.69,10037.0,Canada
INV10655,P9041,Along Discussion,27,2024-06-06 14:24:30,78.98,10045.0,United Kingdom
INV10465,P2746,Your Successful,12,2023-11-06 19:56:11,62.03,10083.0,USA
INV10670,P6764,During Fill,45,2023-08-16 09:04:35,9.8,10083.0,Canada
INV10319,P2512,Painting Head,4,2025-07-20 10:15:47,89.93,10050.0,France
INV10398,P7311,Billion Read,9,2025-05-18 06:05:08,81.26,10002.0,Germany
INV10306,P2891,East Tough,25,2024-02-04 13:29:41,82.05,10082.0,Australia
INV10307,P2753,Indicate Say,35,2025-01-27 01:48:35,32.93,10018.0,USA
INV10828,P1888,Type Accept,12,2025-06-30 02:46:49,38.78,10066.0,Germany
INV10333,P3442,,22,2024-09-30 03:20:47,93.71,10044.0,United Kingdom
INV10049,P4733,Blood They,26,2024-04-29 05:13:27,18.82,10026.0,Australia
INV10825,P9889,Hair Dinner,34,2024-04-06 05:15:46,39.59,10091.0,Canada
INV10002,P5506,Matter Full,15,2024-04-05 18:37:59,41.89,10025.0,Netherlands
INV10548,P8022,Explain Change,31,2024-09-25 10:29:22,14.64,10018.0,France
INV10352,P3662,Manage Order,4,2024-01-18 08:25:14,78.49,10061.0,France
INV10912,P7717,Available Position,46,2025-02-16 02:29:13,4.94,10072.0,Germany
INV10951,P3785,Want Main,46,2025-05-28 09:46:08,67.42,10031.0,Germany
INV10346,P5088,Natural Offer,28,2023-12-03 09:19:25,75.67,10053.0,Netherlands
INV10411,P6143,Address Simply,36,2024-02-27 14:49:25,26.05,10053.0,France
INV10824,P1018,Daughter Hot,26,2023-12-31 09:18:13,17.74,10037.0,Germany
INV10581,P2874,Oil Yes,36,2025-04-22 16:50:27,37.77,10060.0,United Kingdom
INV10033,P7224,Research Manage,16,2023-10-13 06:42:13,60.95,10005.0,Germany
INV10031,P2674,,42,2023-08-29 14:27:36,36.57,10031.0,Netherlands
INV10231,P7570,Herself Improve,4,2024-05-08 15:32:19,40.72,10072.0,Australia
INV10754,P5720,Style Sell,28,2024-05-02 19:52:43,49.05,10094.0,Germany
INV10192,P7669,Cut Easy,8,2024-05-29 13:38:13,26.31,10038.0,Canada
INV10514,P8633,Scientist Smile,19,2024-06-01 23:51:18,43.95,10015.0,Canada
INV10003,P5012,Area Allow,43,2025-03-24 06:32:17,7.84,10088.0,United Kingdom
INV10204,P7596,You Direction,41,2024-03-26 17:06:24,47.82,10056.0,Netherlands
INV10539,P7624,To Arrive,-10,2025-04-09 19:10:14,75.87,10079.0,Australia
INV10662,P4986,Opportunity Off,8,2025-06-04 20:32:02,34.49,10047.0,Netherlands
INV10988,P1132,Around A,49,2024-11-09 12:47:15,83.07,10035.0,Germany
INV10109,P9669,Because Fish,35,2024-02-01 02:22:17,32.4,10008.0,United Kingdom
INV10602,P6688,Measure Race,25,2024-03-02 23:41:17,59.06,10070.0,France
INV10077,P7572,Security Throughout,31,2024-08-04 19:47:57,66.5,10057.0,USA
INV10084,P7482,Stop Very,21,2024-11-06 16:43:54,77.08,10009.0,Canada
INV10526,P7389,Not Easy,32,2024-06-26 17:42:16,81.7,10037.0,Canada
INV10082,P4483,Audience Never,23,2025-01-21 05:53:34,83.26,10093.0,Netherlands
INV10254,P9701,Head Media,19,2024-01-20 00:49:48,96.2,10049.0,Germany
INV10764,P4683,Course Street,25,2025-07-09 02:27:56,3.91,10088.0,Netherlands
INV10428,P1006,Treat Kid,25,2024-09-16 00:57:01,80.41,10089.0,Australia
INV10915,P8692,Usually Product,14,2025-03-10 00:53:04,24.65,10094.0,Canada
INV10523,P1096,Across War,2,2024-10-06 12:58:25,66.1,10047.0,Australia
INV10467,P4585,East Reality,1,2024-05-19 05:01:42,5.33,10032.0,Netherlands
INV10644,P5581,Position Box,10,2024-10-08 17:26:17,35.25,10021.0,United Kingdom
INV10005,P3286,,21,2023-10-28 09:45:13,10.64,10052.0,France
INV10405,P9821,Sister Personal,35,2025-01-06 00:17:39,66.21,10041.0,Australia
INV10468,P3881,At Deep,47,2023-11-14 07:04:34,11.97,10027.0,USA
INV10097,P9348,Fight Strategy,1,2024-05-24 08:46:45,86.78,10007.0,Germany
INV10926,P1588,Admit News,48,2023-10-11 12:16:41,5.9,10043.0,Germany
INV10359,P5065,Hour Mouth,29,2025-05-12 20:01:33,24.03,10029.0,United Kingdom
INV10876,P5634,Lawyer Ground,43,2024-08-20 14:08:34,66.22,10023.0,United Kingdom
INV10266,P1651,Book Red,28,2025-02-01 00:51:15,12.86,10028.0,Netherlands
INV10422,P7888,Recognize Join,28,2025-02-07 08:18:30,98.84,10009.0,France
INV10462,P4997,,26,2023-10-25 20:41:58,49.12,10069.0,Netherlands
INV10695,P1231,Major Statement,13,2025-08-01 12:43:26,79.6,10019.0,Canada
INV10973,P5097,Blood Skin,25,2024-02-18 21:29:54,32.79,10082.0,Australia
INV10493,P5499,Manager Throughout,30,2023-11-12 08:51:02,32.69,10007.0,Netherlands
INV10118,P8123,Information Country,9,2024-02-09 23:54:24,38.66,10039.0,USA
INV10971,P5901,Will Change,13,2024-05-13 17:14:56,90.13,10065.0,France
INV10250,P1936,Those Business,36,2024-07-29 11:43:44,45.19,10039.0,Australia
INV10342,P6974,Head Should,34,2025-03-25 00:50:01,56.88,10092.0,Canada
INV10009,P7912,Center Forget,11,2023-10-01 11:38:57,66.6,10050.0,France
INV10196,P8062,Visit Different,33,2025-03-12 00:01:06,67.47,10041.0,Canada
INV10741,P2330,Important Leg,8,2023-09-11 20:32:33,60.21,10061.0,France
INV10081,P6155,Rise Ability,14,2024-09-05 17:36:26,25.17,10081.0,Canada
INV10948,P9702,Citizen Student,3,2025-04-05 12:08:02,39.6,10094.0,Australia
INV10479,P8251,Interesting Report,22,2024-03-07 09:55:36,2.26,10004.0,USA
INV10625,P5397,Discuss Outside,36,2025-01-16 16:29:35,92.34,10037.0,Canada
INV10239,P5673,Treatment Woman,22,2025-05-12 19:29:01,64.38,10027.0,United Kingdom
INV10292,P2127,Toward Major,3,2024-03-06 05:24:01,17.01,10024.0,Canada
INV10211,P8350,Four Service,49,2023-11-07 17:42:45,26.43,10031.0,United Kingdom
INV10900,P9115,Nice Management,5,2024-05-08 18:39:01,14.04,10093.0,Canada
INV10361,P3608,Push Total,6,2025-08-03 13:36:38,18.2,10061.0,United Kingdom
INV10532,P4595,Upon Result,35,2025-07-17 05:32:22,84.96,10099.0,Netherlands
INV10227,P7658,Energy Cause,26,2023-11-10 12:02:17,77.49,10077.0,Canada
INV10864,P3369,Machine Book,4,2024-02-19 08:59:39,87.85,10041.0,France
INV10362,P2771,Budget People,35,2023-08-24 14:30:18,65.92,10048.0,Germany
INV10852,P8560,However Station,15,2024-07-12 18:12:05,7.77,10068.0,Netherlands
INV10954,P7267,Quality New,45,2025-05-08 12:53:18,30.38,10084.0,Germany
INV10964,P8622,Character Just,17,2024-05-13 12:28:38,26.41,10071.0,Australia
INV10365,P8711,Call Rather,24,2024-05-13 09:13:08,79.42,10030.0,Australia
INV10770,P3718,Environmental Community,5,2025-03-26 04:15:34,30.35,10014.0,Australia
INV10859,P7807,Analysis Recently,30,2024-01-12 10:22:18,23.41,10083.0,Australia
INV10371,P4728,Cut Garden,33,2024-04-18 00:20:35,18.51,10035.0,Australia
INV10007,P9935,They Three,19,2023-09-18 19:44:16,59.7,10058.0,Australia
INV10155,P9645,Improve Model,4,2025-03-29 18:42:11,62.12,10046.0,Netherlands
INV10545,P7455,Loss Democrat,29,2024-05-13 06:23:06,64.69,10067.0,Netherlands
INV10807,P6260,View Already,21,2024-07-16 09:19:16,8.63,10080.0,Canada
INV10485,P8777,Camera Floor,37,2024-05-14 20:21:44,54.86,10088.0,Netherlands
INV10584,P5198,Capital Any,39,2025-05-01 23:31:11,76.89,10054.0,USA
INV10785,P8078,Action Science,33,2025-01-30 11:12:04,72.19,10076.0,Germany
INV10570,P4673,Amount Morning,25,2024-09-19 21:09:09,15.75,10011.0,Netherlands
INV10477,P9702,Want Dinner,39,2025-08-02 09:28:55,67.92,10034.0,USA
INV10582,P4571,South Interview,18,2024-08-18 16:27:06,7.19,10017.0,Germany
INV10942,P5806,Serious Economic,24,2024-07-12 22:18:04,3.94,10011.0,Germany
INV10697,P3073,Fund Weight,49,2025-01-17 08:29:17,34.64,10087.0,Netherlands
INV10832,P9167,Even A,30,2024-06-21 21:12:04,48.43,10079.0,USA
INV10534,P8140,Begin Food,33,2024-03-13 06:13:00,83.44,10054.0,Netherlands
INV10587,P2876,Lot Skin,23,2025-05-23 12:39:32,18.17,10086.0,France
INV10714,P8827,Those Discuss,19,2024-04-17 15:14:21,28.96,10093.0,USA
INV10451,P1400,Lead Discuss,16,2024-12-12 00:55:15,2.03,10026.0,USA
INV10456,P8461,Four Develop,19,2023-10-07 16:11:57,48.35,10052.0,USA
INV10228,P8956,Third Church,32,2023-08-12 04:01:09,27.22,10009.0,USA
INV10859,P7807,Analysis Recently,30,2024-01-12 10:22:18,23.41,10083.0,Australia
INV10749,P8381,Quality Room,-16,2025-02-08 16:07:06,85.83,10059.0,Australia
INV10212,P3296,Third None,37,2024-10-27 18:33:21,63.57,10045.0,France
INV10079,P2084,Open Himself,15,2025-06-16 14:19:44,38.06,10074.0,France
INV10148,P2133,Great Attack,26,2025-06-28 00:51:05,95.51,10028.0,Australia
INV10302,P5905,Couple Bag,40,2025-01-13 13:13:12,53.72,10050.0,France
INV10665,P8753,Story Why,1,2023-08-12 21:35:17,96.77,10086.0,France
INV10328,P8239,Laugh Camera,17,2024-05-24 01:15:58,24.02,10035.0,Australia
INV10669,P6419,Wait Quickly,25,2024-03-05 19:01:02,42.38,10050.0,Netherlands
INV10344,P6862,Bill Defense,30,2024-05-23 15:16:57,21.96,10082.0,Canada
INV10711,P4020,Sell Resource,37,2023-10-13 04:43:41,55.7,10063.0,Canada
INV10507,P3503,Plan Occur,23,2024-06-29 03:14:09,74.6,10060.0,USA
INV10133,P9837,Week Let,1,2025-07-29 05:22:40,81.56,10006.0,Netherlands
INV10554,P7211,Despite Thousand,17,2023-11-29 14:59:36,18.95,10024.0,Australia
INV10311,P4450,From Source,46,2025-03-22 11:24:17,95.77,10014.0,USA
INV10758,P4824,Break Mission,46,2024-04-03 18:58:32,99.71,10052.0,Canada
INV10499,P6502,Process Range,26,2024-04-25 22:40:11,68.84,10026.0,Netherlands
INV10000,P2824,Amount Grow,39,2025-06-14 20:12:51,37.91,10064.0,Canada
INV10316,P9004,Return Left,41,2024-12-05 15:42:17,32.06,10029.0,Australia
INV10713,P5136,Along Hear,35,2025-07-21 17:45:09,35.02,10092.0,Australia
INV10551,P3977,Provide Study,50,2023-09-13 12:18:22,18.66,10073.0,United Kingdom
INV10803,P8700,Onto Size,10,2023-10-03 01:14:26,17.55,10088.0,United Kingdom
INV10536,P1475,Why Lawyer,37,2025-01-17 11:09:44,75.21,10057.0,France
INV10745,P2229,Food Learn,37,2025-06-22 22:21:48,-8.046634345945938,10039.0,Netherlands
INV10845,P3594,Mouth Often,38,2024-03-20 20:46:35,56.36,10002.0,France
INV10172,P4770,Pm Staff,45,2025-01-22 08:30:59,79.55,10051.0,United Kingdom
INV10125,P9317,Audience Purpose,24,2025-02-21 19:35:54,17.68,10062.0,Germany
INV10989,P1803,Dinner Team,44,2024-01-24 09:49:24,99.14,10057.0,Canada
INV10423,P7211,Green Say,34,2025-07-24 01:48:33,44.88,10043.0,Canada
INV10808,P2713,Board Pretty,14,2025-02-10 00:27:22,34.7,10005.0,USA
INV10911,P3361,Effect Seven,26,2024-06-22 07:21:20,1.29,10014.0,Netherlands
INV10090,P9830,Move Cost,26,2023-10-05 05:41:26,82.86,10062.0,Canada
INV10947,P5000,At Education,7,2025-07-01 22:19:38,17.36,10042.0,USA
INV10181,P2160,Wall Side,28,2023-09-10 20:37:06,1.26,10035.0,Canada
INV10274,P4910,Off Technology,7,2025-05-24 20:41:41,26.45,10025.0,Australia
INV10903,P9229,Grow Environment,42,2025-05-11 19:54:39,97.11,10042.0,USA
INV10069,P7216,Anything Glass,29,2025-03-04 08:24:35,73.56,10047.0,Netherlands
INV10291,P6718,Difference Without,16,2025-07-09 00:35:08,87.46,10015.0,Germany
INV10131,P7126,Why Option,27,2024-11-01 01:17:47,84.87,10003.0,Germany
INV10300,P9666,Deep Work,36,2024-03-31 05:43:23,63.17,10079.0,Australia
INV10932,P8110,Pretty End,49,2025-07-03 18:13:39,22.63,10031.0,USA
INV10326,P5291,Risk Energy,7,2024-08-04 14:31:53,48.35,10075.0,Canada
INV10144,P4946,Office Form,27,2024-03-13 08:37:28,82.42,10037.0,France
INV10497,P4841,Front Seem,16,2024-01-02 22:06:41,73.07,10037.0,Canada
INV10677,P4155,Indicate News,39,2024-12-22 16:58:56,79.38,10094.0,USA
INV10950,P3950,Drug Grow,23,2023-09-16 13:31:48,88.34,10096.0,United Kingdom
INV10135,P1009,,37,2025-05-31 13:37:38,15.75,10053.0,Australia
INV10781,P9090,News Operation,22,2025-03-15 14:17:58,53.02,10089.0,United Kingdom
INV10164,P9479,Wall Memory,36,2025-08-11 20:56:31,97.7,10059.0,United Kingdom
INV10028,P3547,North Unit,25,2025-08-04 07:18:14,59.2,10035.0,France
INV10960,P5161,Support Staff,37,2024-09-23 15:37:30,72.04,10049.0,Canada
INV10193,P4119,Institution Continue,27,2025-04-02 04:03:12,30.9,10021.0,Australia
INV10961,P8529,Little Seat,28,2024-05-28 18:12:07,83.13,10036.0,Australia
INV10643,P6576,Soon Adult,9,2024-01-06 13:27:50,56.64,10042.0,Canada
INV10169,P2049,Cut Health,28,2024-12-06 01:15:54,80.18,10020.0,France
INV10985,P1359,Kitchen Low,47,2025-01-03 10:50:19,64.15,10089.0,Netherlands
INV10140,P6947,Evening Paper,5,2024-04-05 14:37:38,55.39,10000.0,USA
INV10173,P4608,Treat Air,6,2024-10-04 19:13:54,19.34,10087.0,Canada
INV10006,P2679,Of Entire,39,2024-05-11 05:22:00,41.1,10078.0,United Kingdom
INV10896,P8749,State Success,32,2024-03-18 00:09:07,45.08,10029.0,Germany
INV10481,P7991,Relate Represent,3,2023-11-21 12:51:55,67.47,10045.0,Australia
INV10073,P1916,Him North,34,2024-02-11 09:42:27,16.46,10060.0,USA
INV10689,P4180,Role Opportunity,28,2025-01-02 22:41:41,75.18,10010.0,USA
INV10583,P8619,Need Process,49,2024-06-13 19:09:22,80.34,10026.0,Australia
INV10238,P8454,Reflect True,6,2025-05-28 05:34:43,7.92,10014.0,Germany
INV10145,P2290,Society Clear,9,2024-09-17 18:07:50,43.66,10000.0,Canada
INV10799,P3973,Throw Military,3,2025-07-30 12:20:33,11.53,10054.0,France
INV10234,P7209,Suggest Every,38,2024-04-26 01:24:21,62.1,10077.0,Australia
INV10220,P2604,Bag While,37,2024-11-10 23:55:58,72.73,10093.0,Germany
INV10478,P6198,Strong Book,5,2024-08-18 04:44:52,50.11,10078.0,USA
INV10718,P9056,Thought Worry,41,2023-12-05 23:37:41,45.72,10038.0,Netherlands
INV10132,P3646,Discover Able,35,2025-07-07 23:10:39,91.51,10085.0,Netherlands
INV10521,P7232,Public Type,24,2023-09-05 13:31:46,20.2,10074.0,Netherlands
INV10984,P5837,Again Right,34,2025-01-28 21:32:35,18.01,10085.0,France
INV10185,P8953,Yourself Become,1,2024-08-13 21:27:49,79.58,10079.0,Canada
INV10041,P3045,Light Possible,9,2025-07-25 00:08:29,54.45,10034.0,Germany
INV10616,P3506,Assume Him,31,2025-01-07 17:59:28,5.93,10049.0,France
INV10108,P8668,We Foreign,8,2024-03-06 23:32:56,87.91,10036.0,Netherlands
INV10594,P7498,Heart Old,25,2023-10-20 20:08:10,74.26,10058.0,Germany
INV10056,P8428,Information Of,-15,2024-08-02 22:54:31,68.91,10041.0,Australia
INV10408,P8066,Nothing Cut,24,2024-05-22 12:18:40,8.57,10060.0,France
INV10445,P2530,Hour Age,45,2024-06-02 06:33:02,51.95,10093.0,Australia
INV10567,P9837,Available Just,11,2024-05-09 22:00:57,3.27,10004.0,USA
INV10868,P3236,Service Reveal,17,2025-08-11 09:49:13,62.99,10080.0,Canada
INV10024,P3615,Interview Feeling,33,2024-07-31 18:39:45,45.43,10035.0,Germany
INV10420,P3085,According Participant,23,2024-04-26 09:56:53,88.36,10093.0,USA
INV10449,P4262,Some Year,35,2024-10-10 18:38:35,97.62,10020.0,Netherlands
INV10535,P8956,Cost Black,43,2025-01-03 02:55:39,2.09,10078.0,France
INV10778,P5460,Gun These,21,2023-12-14 03:01:15,26.18,10008.0,Germany
INV10660,P4630,Question High,38,2024-06-08 02:16:54,72.79,10058.0,United Kingdom
INV10934,P2646,Push That,15,2023-11-11 11:53:25,5.39,10011.0,United Kingdom
INV10338,P8041,Human Enjoy,45,2025-02-15 17:26:54,2.75,10078.0,United Kingdom
INV10051,P2307,Guess Feeling,20,2023-09-10 02:51:30,11.23,10018.0,France
INV10715,P2869,Guy Meeting,20,2025-05-12 17:19:58,39.68,10055.0,Germany
INV10519,P7381,Place Life,4,2024-08-13 15:54:13,88.26,10020.0,Netherlands
INV10928,P4846,Against Always,26,2024-04-25 20:41:09,84.55,10074.0,United Kingdom
INV10638,P3979,Purpose Person,43,2025-08-03 09:05:01,27.55,10053.0,France
INV10264,P2964,Police Industry,1,2024-08-02 08:38:41,48.01,10063.0,Netherlands
INV10541,P8657,Magazine Card,40,2025-01-28 14:45:56,47.56,10084.0,Germany
INV10717,P7565,Once Red,47,2025-02-21 18:53:09,37.82,10009.0,USA
INV10688,P2647,Receive Interesting,20,2023-09-07 23:31:15,46.56,10018.0,Canada
INV10589,P6096,Ever Drive,37,2025-07-31 20:20:04,50.12,10020.0,France
INV10522,P8814,Someone We,16,2024-01-20 10:08:29,88.1,10029.0,United Kingdom
INV10450,P3414,Teacher Up,40,2024-05-29 02:15:11,67.07,10012.0,Netherlands
INV10018,P9928,Tend Watch,24,2025-06-21 02:06:19,40.27,10064.0,Australia
INV10722,P3444,Condition Meet,31,2024-07-22 04:18:04,20.37,10012.0,Australia
INV10486,P8373,Claim Image,22,2023-12-22 09:37:58,63.97,10055.0,Germany
INV10572,P1659,Imagine Government,36,2024-07-28 00:10:29,74.85,10003.0,France
INV10436,P8244,Enjoy Meeting,37,2025-07-02 08:16:09,94.29,10095.0,France
INV10367,P4269,Sea Consumer,49,2024-11-18 23:16:13,65.75,10060.0,Germany
INV10083,P9179,Direction Home,40,2025-01-25 03:08:07,86.6,10047.0,Australia
INV10061,P4432,Behavior Inside,36,2024-01-11 06:47:25,26.17,10022.0,France
INV10440,P3780,Leg Present,44,2024-07-25 10:31:20,55.41,10037.0,Germany
INV10272,P4346,Force Heavy,42,2024-02-25 05:47:50,67.48,10012.0,USA
INV10285,P2200,Source As,32,2024-08-19 12:30:10,35.29,10024.0,Netherlands
INV10360,P5371,Change Expect,46,2024-10-12 18:17:07,22.86,10001.0,France
INV10354,P7755,Player Probably,49,2023-12-03 21:50:53,18.6,10059.0,United Kingdom
INV10652,P9004,Civil Republican,42,2024-05-10 06:44:16,88.33,10083.0,United Kingdom
INV10278,P5915,Bag Its,49,2025-07-18 20:29:32,51.18,10057.0,Germany
INV10012,P2535,Ball Present,36,2025-06-29 20:24:34,31.9,10021.0,Netherlands
INV10182,P9423,Couple Increase,25,2025-01-08 10:28:05,64.16,10048.0,France
INV10368,P8541,Treat Man,46,2024-01-10 09:19:01,36.07,10078.0,USA
INV10495,P2269,Apply Expect,5,2024-12-13 10:10:28,27.66,10096.0,Netherlands
INV10621,P9817,Particular Account,35,2024-03-07 15:22:29,6.67,10011.0,United Kingdom
INV10223,P1241,Front Public,1,2024-09-10 13:09:07,82.05,10029.0,Netherlands
INV10810,P6403,Owner Wife,46,2024-07-04 12:16:59,22.34,10076.0,United Kingdom
INV10705,P1200,Make Poor,45,2023-09-04 17:40:40,17.0,10039.0,United Kingdom
INV10506,P7275,Skin Newspaper,37,2024-04-27 04:29:34,76.06,10095.0,Canada
INV10549,P3223,Determine Media,46,2025-06-07 18:44:38,66.64,10042.0,USA
INV10588,P3683,Require Realize,32,2024-07-10 15:58:36,64.12,10074.0,Australia
INV10737,P2625,Only Seem,8,2024-04-24 18:53:15,36.95,10010.0,United Kingdom
INV10176,P1964,Beautiful Against,44,2024-06-04 04:09:16,9.62,10045.0,USA
INV10740,P5335,Again Page,26,2023-10-04 14:53:57,51.2,10095.0,Netherlands
INV10633,P7209,Yourself Effect,31,2025-01-18 00:37:47,78.93,10065.0,France
INV10591,P1420,Building Provide,49,2025-05-01 20:41:30,68.91,10004.0,Australia
INV10590,P2771,Tree Enjoy,12,2023-10-27 14:10:16,18.65,10043.0,Netherlands
INV10393,P6663,Program Require,2,2024-09-06 15:19:18,15.77,10057.0,Germany
INV10163,P8177,Wind Next,29,2023-12-23 16:31:10,40.59,10011.0,United Kingdom
INV10248,P1998,Kitchen Lead,3,2024-10-19 14:00:32,36.93,10066.0,USA
INV10707,P8690,,21,2024-10-14 23:28:52,94.72,10039.0,USA
INV10893,P7730,Mission Start,3,2024-12-10 21:19:51,17.32,10001.0,Canada
INV10675,P4777,Issue Building,19,2025-07-30 19:49:28,40.99,10007.0,Canada
INV10375,P7528,Allow Notice,33,2024-06-17 08:32:02,14.25,10044.0,United Kingdom
INV10412,P3041,Security Section,45,2025-05-03 15:43:29,78.34,10015.0,France
INV10074,P4752,College Training,10,2024-03-27 08:14:20,24.22,10049.0,United Kingdom
INV10113,P9797,Discussion Model,42,2024-10-27 20:44:50,65.26,10084.0,USA
INV10578,P4908,Never Present,49,2023-11-23 15:04:25,13.12,10074.0,USA
INV10938,P1474,Drive Ball,26,2024-10-15 21:47:04,82.0,10007.0,Germany
INV10390,P1626,Eat Discover,2,2024-02-20 20:08:58,64.96,10091.0,United Kingdom
INV10104,P7916,Piece Involve,8,2024-01-02 05:42:15,76.75,10059.0,Germany
INV10114,P5371,,39,2025-01-28 14:15:04,33.51,10001.0,France
INV10417,P6344,Number Foreign,16,2024-03-02 13:10:23,23.47,10058.0,Germany
INV10593,P7149,Home Hand,23,2023-10-05 14:27:15,74.97,10040.0,United Kingdom
INV10457,P7790,His Suffer,17,2023-08-15 01:36:30,89.69,10078.0,United Kingdom
INV10409,P2146,Two Suggest,13,2023-08-27 04:24:37,28.66,10012.0,Netherlands
INV10092,P8019,Step Social,45,2025-06-16 15:14:29,58.14,10045.0,Germany
INV10568,P1853,Single Remain,29,2025-01-13 21:39:13,32.89,10050.0,France
INV10089,P5040,Mention Make,24,2024-07-29 18:11:04,94.15,10058.0,USA
INV10336,P7049,Not Class,38,2024-06-19 16:48:19,85.29,10076.0,Netherlands
INV10998,P2591,Make Letter,6,2025-05-21 13:08:28,22.39,10057.0,Germany
INV10929,P5708,Challenge Play,36,2025-02-21 18:01:32,29.21,10097.0,France
INV10941,P1919,Program Trial,14,2025-01-14 15:00:56,57.9,10061.0,United Kingdom
INV10611,P9031,Road Degree,12,2024-06-25 04:28:14,48.61,10092.0,Germany
INV10599,P5941,Summer Staff,49,2025-04-18 02:42:35,17.36,10082.0,USA
INV10617,P8135,Accept Few,19,2024-10-25 16:12:42,90.49,10032.0,Germany
INV10094,P6930,Benefit Matter,29,2023-10-31 16:18:04,16.77,10073.0,Australia
INV10011,P1488,Toward Outside,24,2023-09-04 06:06:54,65.56,10020.0,Canada
INV10396,P9379,Safe Kitchen,40,2024-07-09 08:49:43,25.1,10086.0,France
INV10873,P9318,Audience Whole,6,2024-08-26 17:08:36,27.51,10014.0,Canada
INV10043,P2291,Night Class,18,2024-06-18 13:30:59,98.68,10024.0,United Kingdom
INV10042,P7201,Tv Type,-1,2025-02-25 07:51:48,4.38,10084.0,Netherlands
INV10329,P8007,Here Short,33,2023-09-10 00:15:58,8.92,10078.0,Germany
INV10167,P5061,Above Prepare,7,2025-08-11 01:31:46,13.2,10022.0,France
INV10500,P6238,Ability Reflect,48,2024-10-15 12:03:58,10.1,10019.0,France
INV10884,P6446,Leader Choose,11,2024-10-06 22:36:29,7.4,10058.0,Australia
INV10603,P9728,And Born,22,2025-07-09 02:46:39,70.07,10003.0,France
INV10892,P4826,Score Total,32,2024-10-07 06:12:41,34.74,10015.0,France
INV10100,P1771,Affect Vote,9,2024-10-23 19:28:44,9.96,10072.0,Netherlands
INV10426,P7653,Certainly Paper,23,2024-05-11 22:16:42,74.87,10079.0,Germany
INV10178,P2104,Child So,20,2023-10-07 23:06:39,37.98,10054.0,Australia
INV10444,P6491,Because Marriage,6,2025-04-01 18:22:09,9.18,10000.0,Australia
INV10416,P7691,Everyone Would,46,2024-03-11 09:27:38,45.56,10039.0,United Kingdom
INV10653,P4937,Accept Family,9,2025-07-17 16:44:49,39.95,10054.0,France
INV10890,P4912,Way Official,25,2023-12-31 02:14:32,46.98,10088.0,United Kingdom
INV10664,P7046,Fill Doctor,45,2025-02-24 14:49:26,94.76,10052.0,Netherlands
INV10177,P4750,Small Design,44,2024-05-07 20:42:59,81.76,10031.0,Canada
INV10395,P8149,Interview Special,17,2024-06-04 19:27:21,86.6,10015.0,France
INV10682,P4138,Interest Already,39,2023-08-29 03:25:09,43.43,10048.0,Netherlands
INV10801,P9056,This Truth,37,2025-07-07 12:51:16,1.38,10067.0,Australia
INV10970,P6661,Rule Course,17,2023-09-17 12:07:14,55.41,10020.0,France
INV10980,P4886,Imagine Letter,47,2025-01-18 18:06:33,50.71,10065.0,United Kingdom
INV10383,P9785,Film Land,46,2023-10-02 23:49:36,83.6,10063.0,France
INV10966,P9955,Or Check,22,2023-10-06 12:33:26,80.24,10098.0,United Kingdom
INV10618,P3885,If Home,47,2024-07-02 08:13:57,91.03,10058.0,United Kingdom
INV10257,P9320,Player Approach,7,2024-03-27 03:07:39,17.88,10000.0,Canada
INV10335,P1590,Somebody Force,30,2025-04-24 16:17:26,28.5,10065.0,Australia
INV10015,P9279,Even Way,3,2023-11-20 18:13:30,1.89,10029.0,Australia
INV10635,P1470,Three Within,35,2025-06-12 09:34:10,37.75,10048.0,USA
INV10324,P6464,Thus Kid,20,2024-08-13 01:16:43,66.96,10021.0,France
INV10765,P3441,Position Education,2,2024-10-02 07:39:40,82.47,10047.0,Germany
INV10222,P9856,Follow Agent,33,2024-08-04 04:59:13,34.77,10032.0,France
INV10179,P1514,Other Evidence,30,2025-04-30 23:06:34,53.12,,United Kingdom
INV10993,P6772,Pressure Challenge,37,2024-03-28 01:10:54,45.44,10031.0,Australia
INV10521,P7232,Public Type,24,2023-09-05 13:31:46,20.2,10074.0,Netherlands
INV10022,P5557,Feeling Result,2,2025-03-26 22:24:35,44.76,10048.0,Australia
INV10356,P3938,Kid Practice,44,2025-01-12 14:07:48,62.19,10094.0,Netherlands
INV10679,P2958,Color New,10,2024-01-23 16:18:55,61.68,10019.0,Netherlands
INV10869,P2143,Operation Chance,20,2025-04-12 17:07:50,53.6,10053.0,France
INV10340,P1685,Late Understand,27,2025-03-07 21:23:29,37.12,10063.0,USA
INV10431,P4443,Simply Up,49,2025-02-27 03:19:07,51.35,10011.0,Netherlands
INV10802,P2494,Beautiful Help,37,2025-05-25 17:58:01,68.49,10058.0,United Kingdom
INV10841,P8941,Dark Mean,14,2025-02-19 09:09:40,70.23,10077.0,Canada
INV10203,P1993,Job Which,24,2025-07-26 00:05:56,87.06,10029.0,Germany
INV10636,P9098,Soldier Cause,23,2023-10-27 20:41:33,43.46,10065.0,United Kingdom
INV10093,P7543,Thus Miss,41,2023-12-15 16:44:32,35.51,10002.0,Netherlands
INV10806,P6460,Approach Improve,17,2025-01-10 07:09:27,8.19,10012.0,Netherlands
INV10068,P8573,Anything American,4,2025-03-22 02:55:58,94.04,10042.0,United Kingdom
INV10628,P2419,College These,39,2024-01-25 13:50:05,28.99,10055.0,Netherlands
INV10284,P2638,Surface Vote,37,2025-07-06 00:44:19,38.71,10042.0,Australia
INV10885,P9903,Thought Threat,16,2025-05-28 04:06:39,95.63,10089.0,Australia
INV10434,P8618,Let Cut,15,2025-01-08 07:25:33,99.17,10017.0,Australia
INV10153,P3705,You Bag,49,2025-01-16 15:32:58,20.26,10070.0,Australia
INV10075,P1525,Law Deep,36,2023-12-04 23:33:44,96.37,10066.0,Netherlands
INV10737,P2625,Only Seem,8,2024-04-24 18:53:15,36.95,10010.0,United Kingdom
INV10446,P4848,Wrong Activity,32,2024-02-20 14:29:37,89.99,10044.0,Australia
INV10188,P3167,Boy Thing,41,2024-08-12 03:32:39,36.72,10060.0,USA
INV10271,P5272,Party Meeting,30,2024-02-09 03:13:44,25.12,10070.0,Netherlands
INV10236,P7396,Else Near,5,2024-01-28 08:24:56,83.35,10046.0,Australia
INV10487,P5246,Whom Machine,29,2024-05-29 02:22:33,22.89,10058.0,USA
INV10117,P5808,Individual Close,7,2023-09-01 08:02:57,56.78,10059.0,Australia
INV10826,P8569,Already Space,3,2024-01-06 09:45:25,38.57,10052.0,Germany
INV10512,P6421,Write Black,31,2025-01-23 17:16:20,58.14,10094.0,Germany
INV10557,P8449,Fall Safe,29,2023-12-28 16:59:22,87.55,10082.0,France
INV10597,P4978,Heart Heart,30,2023-12-25 22:35:45,56.99,10073.0,Australia
INV10126,P2743,Half Article,37,2025-04-22 23:18:01,64.62,10021.0,France
INV10116,P2827,Themselves Poor,28,2025-01-22 18:03:20,61.37,10057.0,USA
INV10473,P2988,Option Name,40,2024-07-17 19:37:45,39.48,10021.0,Australia
INV10965,P5712,Go Behind,39,2024-06-16 14:22:31,66.86,10048.0,Canada
INV10057,P6977,Music Down,47,2024-01-29 17:04:11,2.72,10049.0,Australia
INV10680,P9779,Side Growth,26,2024-12-19 13:46:32,23.39,10052.0,USA
INV10920,P6383,Result Certainly,26,2025-06-05 12:55:11,47.5,,United Kingdom
INV10369,P6728,Main Her,31,2025-03-31 12:45:48,53.02,10047.0,Australia
INV10268,P7868,Over Decide,50,2025-06-13 09:14:49,2.98,10087.0,Netherlands
INV10046,P4150,Never Budget,14,2023-09-20 18:57:07,6.12,10003.0,France
INV10349,P7658,Trial Others,5,2023-08-22 20:18:28,43.6,10039.0,Germany
INV10195,P2588,Station Nation,37,2025-07-01 18:39:40,85.27,10004.0,Australia
INV10136,P6310,Lose Under,47,2025-02-18 09:12:05,53.14,10087.0,France
INV10842,P2989,Adult Be,2,2024-03-20 14:34:43,84.11,10031.0,Germany
INV10743,P4929,Near Now,28,2023-09-17 23:37:26,37.01,10063.0,USA
INV10263,P7615,Myself Decision,40,2023-08-12 03:13:39,98.14,10048.0,Canada
INV10443,P9445,Money Stand,4,2023-10-12 17:20:54,43.01,10060.0,Australia
INV10809,P3634,Day Create,9,2024-04-23 19:12:10,86.77,,Germany
INV10304,P3200,Ready Shoulder,35,2025-01-18 14:17:19,14.99,10077.0,Canada
INV10341,P6050,Miss Bag,27,2024-05-13 07:30:55,39.26,10092.0,Canada
INV10604,P8018,Mind Current,13,2024-07-19 07:19:56,93.03,10064.0,Netherlands
INV10976,P4263,Manager Station,3,2024-08-11 07:56:04,64.96,10005.0,Canada
INV10149,P9727,Leader Husband,42,2025-04-25 03:31:32,65.81,10004.0,France
INV10124,P3927,Teach Computer,23,2023-09-30 23:49:12,59.12,10097.0,United Kingdom
INV10793,P1659,Receive Part,28,2023-10-31 15:37:45,74.07,10059.0,Germany
INV10830,P9494,Light Toward,44,2023-12-17 12:25:08,41.86,10002.0,Germany
INV10050,P5741,Ago Dream,2,2024-09-30 14:03:55,9.77,10025.0,Australia
INV10353,P3900,Student The,35,2023-10-12 08:34:03,27.27,10003.0,Germany
INV10935,P8269,Speech Condition,47,2024-03-29 22:27:36,28.5,10096.0,Netherlands
INV10142,P4923,Personal Many,14,2023-12-30 04:19:11,71.83,10002.0,Canada
INV10470,P8611,Style Woman,32,2024-01-16 22:24:51,10.41,10000.0,Australia
INV10399,P4114,Exist Wait,43,2024-08-26 08:21:16,61.79,10020.0,Germany
INV10631,P4995,Dog Send,39,2025-06-28 05:25:54,28.3,10012.0,France
INV10320,P7939,Grow Seven,33,2024-11-20 20:50:54,83.1,10047.0,Australia
INV10019,P7873,Scene Guess,44,2024-03-26 09:57:43,24.47,10044.0,Canada
INV10817,P2442,Beautiful Product,40,2024-04-28 06:07:48,24.04,10038.0,Netherlands
INV10800,P8141,Fire Coach,23,2024-09-17 02:12:11,32.18,10038.0,USA
INV10816,P8451,Control Back,49,2025-01-30 20:55:51,90.46,10003.0,Netherlands
INV10407,P6967,Establish Let,25,2023-09-22 04:47:40,81.08,10041.0,Canada
INV10537,P7371,Employee Possible,12,2023-12-19 06:58:52,76.11,10098.0,USA
INV10626,P6280,Source Far,23,2023-09-06 08:22:49,47.73,10002.0,Netherlands
INV10038,P1711,Fear Leave,37,2023-09-14 10:03:49,45.19,10026.0,Germany
INV10175,P2163,Relate Would,28,2025-07-20 06:23:00,43.03,10054.0,Germany
INV10245,P4566,System Fish,6,2025-06-22 10:20:23,19.84,10061.0,France
INV10836,P5375,Oil Various,47,2024-08-03 15:57:40,96.66,10071.0,Netherlands
INV10673,P6023,Teach Sense,6,2023-11-05 12:58:16,98.07,10094.0,Australia
INV10761,P7965,Ability Machine,18,2023-10-31 01:33:11,13.85,10008.0,Australia
INV10866,P4122,History Role,17,2024-08-06 02:38:37,34.7,10019.0,Germany
INV10154,P5342,Mean Herself,32,2025-01-05 05:09:48,17.47,10066.0,Australia
INV10287,P4492,Table Open,41,2024-02-23 10:33:47,51.46,10078.0,Australia
INV10820,P6296,Always Themselves,28,2023-10-06 06:00:48,89.99,10076.0,Netherlands
INV10569,P6733,During Act,36,2024-08-27 04:06:58,64.01,10020.0,Germany
INV10750,P8699,Board Himself,9,2025-07-24 14:37:42,12.65,10061.0,Germany
INV10017,P4257,Because Operation,2,2024-02-06 19:17:59,60.27,10027.0,Australia
INV10127,P5889,Different Authority,35,2023-12-19 15:23:16,76.18,10010.0,United Kingdom
INV10322,P1722,Per Open,21,2025-01-29 00:12:24,95.33,10095.0,United Kingdom
INV10255,P3579,Firm Wide,20,2025-07-17 19:43:05,63.86,10097.0,Netherlands
INV10774,P3037,Environment Challenge,32,2025-05-18 22:09:55,98.82,10038.0,France
INV10974,P8484,Sell Performance,4,2025-01-30 22:06:28,75.24,10027.0,USA
INV10190,P4981,Instead Strong,39,2023-10-24 01:49:37,77.22,10005.0,Germany
INV10115,P6573,Participant Happen,41,2024-03-09 06:58:34,63.39,10060.0,USA
INV10622,P8921,Election Continue,12,2025-07-12 17:13:30,23.3,10039.0,France
INV10606,P2129,Step Into,49,2024-10-25 03:38:36,6.56,10075.0,Germany
INV10180,P6413,Great Decide,11,2023-12-24 05:26:34,12.12,10004.0,United Kingdom
INV10301,P1128,Member Wonder,38,2024-05-09 10:39:41,67.76,10040.0,Netherlands
INV10513,P9890,Development Feeling,10,2024-04-08 13:13:26,87.84,10014.0,Canada
INV10899,P3492,Act Glass,21,2024-03-23 00:32:17,67.97,10092.0,USA
INV10730,P7232,Student Election,32,2024-03-29 13:30:07,20.39,10063.0,Canada
INV10843,P1472,Interest Price,11,2023-08-28 04:43:48,98.2,10098.0,Germany
INV10667,P6632,Avoid When,17,2025-02-09 06:11:38,3.18,10072.0,Germany
INV10517,P4388,Test Defense,5,2023-08-26 14:40:30,81.36,10074.0,Canada
INV10994,P4588,Such Someone,6,2025-07-21 12:19:13,9.35,10080.0,Canada
INV10045,P6925,Fire Mention,25,2023-10-28 04:17:47,23.88,10014.0,Netherlands
INV10917,P6546,Foot Mission,45,2024-03-20 01:23:12,45.6,10086.0,Germany
INV10157,P4470,Position Charge,37,2024-07-12 23:32:02,67.34,10082.0,Netherlands
INV10751,P5771,Close Street,33,2024-01-06 12:53:38,74.23,10086.0,United Kingdom
INV10171,P1344,Others Production,42,2025-04-25 17:11:10,30.23,10062.0,Australia
INV10016,P1434,Degree Customer,22,2025-07-14 13:11:35,59.25,10024.0,Netherlands
INV10511,P7678,My Whom,34,2025-04-09 18:38:39,10.28,10034.0,USA
INV10048,P1750,Create Magazine,9,2024-06-06 04:50:50,23.25,10072.0,France
INV10981,P7248,Ago Every,36,2023-11-05 03:38:42,14.75,10037.0,Netherlands
INV10848,P7684,Listen Race,50,2025-04-20 20:41:33,63.87,10048.0,France
INV10515,P7812,Image Could,32,2025-06-14 12:03:28,16.92,10012.0,USA
INV10692,P6912,Will Power,39,2025-01-11 21:09:03,12.08,10070.0,France
INV10480,P9270,Then Right,29,2025-07-27 07:30:43,99.25,10059.0,Germany
INV10283,P8508,Summer Reflect,5,2023-10-28 16:24:01,34.83,10016.0,France
INV10849,P2527,Onto Firm,34,2024-09-25 01:49:16,45.53,10058.0,Australia
INV10660,P4630,Question High,38,2024-06-08 02:16:54,72.79,10058.0,United Kingdom
INV10225,P4872,Certainly Strong,2,2025-05-30 07:50:56,34.39,10031.0,United Kingdom
INV10026,P6574,Well Truth,22,2024-07-09 08:13:27,15.43,10000.0,Canada
INV10789,P2496,Still Practice,1,2025-06-26 10:57:02,19.93,10075.0,Germany
INV10437,P4501,Price Company,33,2025-05-13 04:56:56,78.6,10061.0,France
INV10959,P8555,Enter Alone,25,2024-11-12 22:29:04,1.21,10085.0,France
INV10364,P1634,Edge Door,37,2024-11-24 14:49:55,72.71,10091.0,United Kingdom
INV10229,P8886,Everyone Detail,6,2025-01-28 04:44:58,64.88,10035.0,Australia
INV10037,P5333,Prevent Lose,3,2025-01-19 00:50:20,70.83,10073.0,France
INV10975,P5949,Pick Anything,10,2025-07-23 11:42:53,41.85,10016.0,France
INV10374,P4164,Firm Contain,23,2025-07-30 22:41:57,25.61,10057.0,Canada
INV10469,P9486,Hotel Here,34,2024-11-08 02:23:55,60.25,10007.0,Canada
INV10977,P7302,Body Left,41,2025-06-12 21:36:35,65.0,10018.0,Germany
INV10858,P5479,Free Improve,15,2024-03-16 03:32:24,8.35,10084.0,Netherlands
INV10712,P1841,Arm Behavior,36,2024-08-04 01:08:10,10.32,10007.0,Germany
INV10732,P8253,Debate Red,8,2024-11-20 22:49:24,52.5,10087.0,Australia
INV10194,P2545,Claim Ask,9,2024-06-18 21:53:55,73.46,10040.0,USA
INV10909,P8486,Price May,41,2024-05-16 22:46:03,41.29,10039.0,Netherlands
INV10872,P6568,Goal Certain,34,2024-08-23 18:38:28,43.49,10000.0,Canada
INV10503,P3267,Study Choose,36,2024-06-10 22:55:57,15.92,10060.0,USA
INV10979,P2747,Result Answer,18,2023-08-16 13:36:20,60.27,10027.0,United Kingdom
INV10882,P8935,Share Term,16,2025-08-06 03:31:50,4.23,10071.0,Netherlands
INV10579,P3068,Building Air,35,2024-07-26 06:57:43,73.82,10031.0,Australia
INV10978,P8916,Six Write,45,2024-01-07 15:32:48,88.92,10055.0,Netherlands
INV10162,P7118,Forward Choice,43,2023-09-01 00:09:47,72.05,10067.0,Australia
INV10708,P8843,Perhaps Draw,16,2024-10-23 22:20:34,56.46,10055.0,Netherlands
INV10152,P8787,Move Among,39,2024-08-20 04:46:13,48.44,10020.0,France
INV10687,P5636,Less When,28,2024-10-01 13:22:27,86.34,,Canada
INV10706,P5658,Minute Three,47,2024-09-12 06:13:52,26.29,10071.0,United Kingdom
INV10762,P2880,International Bit,5,2024-07-03 13:40:21,69.0,10021.0,USA
INV10111,P1188,Whose Play,33,2025-04-25 05:38:20,38.19,10055.0,Germany
INV10226,P3724,Lose Might,44,2024-07-04 22:14:22,90.65,10041.0,Canada
INV10694,P5952,Newspaper Civil,3,2024-09-12 10:09:13,97.83,10033.0,Netherlands
INV10103,P3621,Old Response,44,2025-01-24 05:43:48,65.4,10038.0,Australia
INV10421,P4143,Him Measure,15,2024-08-08 19:45:03,11.46,10075.0,Germany
INV10419,P5844,Dinner Strategy,12,2025-05-25 18:50:41,45.61,10093.0,Germany
INV10757,P2166,Room Way,13,2023-12-04 04:54:42,32.98,10054.0,Germany
INV10586,P3749,Such Speak,24,2023-10-16 01:17:26,30.64,10081.0,Australia
INV10787,P5102,Past Hot,41,2024-07-18 23:34:39,90.63,10072.0,Australia
INV10672,P5438,Computer Anyone,36,2025-06-22 19:19:34,54.97,10080.0,France
INV10119,P3591,Usually Someone,8,2025-05-22 20:07:02,55.3,10035.0,Germany
INV10053,P2654,Listen Whole,47,2024-04-24 11:39:39,69.13,10016.0,Netherlands
INV10151,P3103,Threat Sport,32,2024-11-15 13:25:42,-7.799851658410287,10091.0,Australia
INV10403,P1027,Have Strategy,42,2024-11-17 00:16:50,14.18,10085.0,USA
INV10953,P2293,Hospital Lay,47,2025-03-09 04:45:35,67.79,10084.0,France
INV10207,P5073,Anyone Deal,12,2025-08-07 16:45:24,31.91,10028.0,Canada
INV10658,P2524,Serious About,29,2025-05-26 17:26:49,97.98,10079.0,United Kingdom
INV10851,P2858,Tell Sell,30,2024-08-09 05:37:09,12.9,10092.0,USA
INV10987,P5497,Purpose Out,40,2025-06-25 04:45:29,53.47,10042.0,Netherlands
INV10008,P2424,Role Rather,23,2025-04-13 19:07:00,58.36,10021.0,Netherlands
INV10908,P9617,Staff Mean,5,2025-04-12 02:36:01,27.63,10080.0,United Kingdom
INV10036,P6635,Friend Similar,44,2024-08-20 08:04:06,-14.578074924718685,10016.0,Germany
INV10452,P1757,Position Crime,13,2024-08-19 15:23:51,26.29,10099.0,Canada
INV10651,P7658,Happy Sense,40,2023-11-02 12:38:01,13.67,10080.0,France
INV10253,P9238,Song Ok,3,2025-05-09 07:57:52,9.79,10028.0,United Kingdom
INV10303,P2697,Mission Television,20,2024-10-07 05:42:35,72.42,10070.0,Germany
INV10753,P4792,Eat Not,13,2024-10-04 18:45:53,98.85,10064.0,Australia
INV10571,P2124,Recently Place,21,2024-03-25 09:37:09,69.85,10049.0,France
INV10623,P8616,Glass Happen,25,2024-06-18 05:15:34,14.0,10019.0,Netherlands
INV10716,P2070,Surface Hear,18,2024-11-16 03:15:46,80.04,10059.0,Germany
INV10904,P6439,Increase Him,22,2025-05-19 10:08:29,27.0,10084.0,United Kingdom
INV10262,P4853,Break Environmental,18,2025-07-07 05:37:52,30.78,10047.0,Australia
INV10610,P7882,Nothing Anything,19,2025-05-13 10:54:45,46.71,10080.0,Germany
INV10297,P8179,Action Buy,11,2025-02-02 07:48:30,50.61,10064.0,USA
INV10414,P9308,Too Staff,1,2024-11-01 23:32:45,50.05,10058.0,Germany
INV10150,P3060,Son Unit,13,2024-02-01 01:20:17,38.63,10073.0,USA
INV10983,P5847,There Lawyer,22,2024-11-24 14:01:51,16.28,10067.0,Netherlands
INV10640,P4475,Six Person,18,2025-06-29 11:15:01,85.46,10074.0,USA
INV10937,P5906,Environmental Care,-18,2024-01-23 15:45:40,29.17,10056.0,Canada
INV10550,P8564,Show Guess,2,2024-08-19 03:12:49,1.19,10065.0,France
INV10798,P5557,Never Husband,38,2025-01-29 12:14:42,74.19,10015.0,Australia
INV10488,P5050,Medical Training,14,2025-01-25 11:48:12,97.86,10028.0,France
INV10710,P6582,Certainly Over,11,2023-09-16 07:13:51,56.24,10010.0,France
INV10147,P8962,Language Indeed,15,2024-02-15 18:11:09,8.06,10084.0,Australia
INV10146,P2403,Forget Article,15,2023-11-17 16:25:35,89.77,10037.0,United Kingdom
INV10853,P2924,Beat Within,27,2025-03-01 19:02:14,27.07,10061.0,United Kingdom
INV10939,P1753,Bill Cold,28,2025-03-06 08:55:28,53.63,10071.0,Canada
INV10746,P3564,Activity Describe,41,2024-07-08 07:22:25,32.0,10023.0,Australia
INV10659,P5820,Least Whether,37,2023-09-06 14:12:13,15.35,10044.0,France
INV10348,P6794,Who Which,33,2023-09-17 00:22:57,30.44,10063.0,Australia
INV10463,P3417,Economy Full,23,2025-07-03 17:41:46,92.11,10087.0,Netherlands
INV10325,P3143,Score Sort,8,2024-01-20 13:30:35,13.05,10005.0,Netherlands
INV10186,P4510,Through Action,27,2023-11-12 06:10:37,65.01,10096.0,United Kingdom
INV10123,P9201,White Design,48,2024-05-15 20:44:55,2.45,10017.0,USA
INV10861,P8736,Performance Throw,17,2023-12-06 22:19:38,60.28,10003.0,Australia
INV10608,P6590,Recently Difference,12,2024-01-15 00:31:10,23.33,,Germany
INV10143,P1949,Son Yourself,39,2025-02-02 07:30:33,52.6,10077.0,Netherlands
INV10968,P2210,Million Full,44,2024-08-24 15:33:33,10.14,10087.0,United Kingdom
INV10197,P6804,Live Film,42,2024-11-21 11:09:09,81.14,10086.0,USA
INV10609,P1207,Hot Possible,41,2025-03-04 16:22:12,38.31,10046.0,France
INV10279,P8491,Real Party,2,2023-10-04 14:14:49,16.77,10048.0,Australia
INV10293,P5002,Professor News,20,2024-01-05 09:07:39,78.84,10053.0,France
INV10400,P5173,My Chair,48,2024-05-28 16:17:41,86.1,10063.0,USA
INV10122,P5315,Hard Of,33,2024-07-17 14:12:50,45.0,10091.0,USA
INV10183,P4899,Decade Section,39,2023-10-26 19:48:02,52.0,10057.0,USA
INV10202,P2612,Artist Dinner,32,2024-09-29 05:57:35,24.29,10066.0,USA
INV10438,P9375,Who Expect,8,2025-02-21 22:42:12,36.13,10037.0,Germany
INV10246,P1958,Try East,16,2024-02-04 11:38:24,6.18,10096.0,Netherlands
INV10415,P6067,American Stand,8,2024-05-29 16:57:38,39.25,10056.0,Germany
INV10783,P2317,Game Necessary,49,2025-05-13 11:21:59,12.18,10084.0,Netherlands
INV10867,P9327,Down Answer,10,2024-04-19 23:23:10,98.91,10076.0,Germany
INV10914,P2225,Source Eye,49,2025-03-12 05:14:39,90.83,10073.0,Australia
INV10930,P4727,Gun Hospital,1,2023-12-09 06:57:33,46.82,10079.0,United Kingdom
INV10895,P6213,Peace Focus,29,2024-07-30 20:34:36,94.86,10016.0,Netherlands
INV10129,P4258,Meet Market,40,2023-11-12 18:57:52,54.69,10056.0,Germany
INV10637,P6325,,29,2023-12-20 04:56:01,84.63,10035.0,Canada
INV10402,P8144,Out Late,29,2024-03-22 21:45:19,95.67,10035.0,Canada
INV10894,P1715,Least Do,27,2024-08-10 03:59:54,17.89,10081.0,Canada
INV10777,P7594,List Animal,11,2024-03-17 16:50:11,32.09,10031.0,Netherlands
INV10735,P6003,Try Understand,24,2024-10-31 00:57:43,17.44,10001.0,Netherlands
INV10921,P9742,Product Agency,47,2025-08-04 15:13:13,45.3,10056.0,Australia
INV10219,P8260,Professor Dog,23,2024-12-22 21:31:43,45.13,10017.0,Canada
INV10641,P6813,Fact Run,47,2024-12-04 19:33:29,5.6,10071.0,Canada
INV10923,P6188,Music Later,47,2023-10-08 16:24:24,59.5,10008.0,Australia
INV10759,P5334,Area Million,35,2023-09-16 18:51:48,98.0,10055.0,Canada
INV10814,P7561,Mention Still,4,2023-09-11 19:42:07,41.42,10094.0,USA
INV10927,P2121,Popular Ready,17,2023-11-18 00:31:40,83.5,10098.0,Australia
INV10624,P8136,Market Who,21,2024-07-05 11:05:35,40.48,10093.0,Canada
INV10846,P6091,Sing Role,34,2025-08-06 06:48:53,63.2,10058.0,France
INV10767,P3330,Economic Book,30,2024-02-01 16:06:52,38.52,10075.0,United Kingdom
INV10386,P2889,Outside Forget,32,2024-07-29 12:41:44,7.4,10058.0,France
INV10982,P6881,Size Else,47,2025-06-21 08:45:15,12.46,10036.0,USA
INV10509,P2052,Executive Five,5,2024-12-18 03:46:49,11.49,10066.0,Australia
INV10267,P2343,Service Few,25,2025-06-17 09:56:10,97.44,10038.0,Canada
INV10827,P7770,Themselves Remain,50,2024-09-06 13:00:28,23.45,10093.0,Canada
INV10441,P2389,Community Write,5,2023-09-09 06:17:55,83.22,10066.0,Australia
INV10496,P5681,Court Late,12,2025-07-21 10:38:35,54.42,10053.0,United Kingdom
INV10112,P2876,Who Feeling,5,2024-06-08 08:17:38,30.39,10058.0,USA
INV10691,P4727,Break Myself,-8,2023-09-27 13:44:24,78.91,10049.0,Canada
INV10232,P1960,Show Include,11,2024-09-17 17:32:57,37.33,10027.0,Australia
INV10877,P5891,Team Produce,43,2024-02-11 09:17:58,25.98,10057.0,France
INV10607,P9289,Actually Model,36,2024-03-08 04:38:45,85.42,10021.0,France
INV10671,P8434,,4,2023-11-06 02:05:06,68.69,10036.0,Germany
INV10373,P1387,As Imagine,32,2023-10-25 12:53:25,96.42,10072.0,Australia
INV10991,P5689,Half Together,42,2025-06-15 08:50:28,69.79,10051.0,Netherlands
INV10850,P4681,Mother State,18,2024-12-20 12:08:42,22.63,10030.0,Germany
INV10233,P3697,Year Become,17,2025-03-05 04:26:08,35.01,10010.0,Germany
INV10792,P5415,Human Bill,6,2024-04-30 21:53:39,58.15,,France
INV10676,P2976,Join Cause,44,2024-05-28 16:33:58,54.71,10078.0,France
INV10317,P5114,Professional Right,36,2023-09-04 08:50:26,61.03,10056.0,Canada
INV10648,P4130,Message Charge,7,2023-12-16 01:31:54,24.44,10039.0,Germany
INV10410,P6409,Use Director,7,2023-12-14 10:42:27,93.1,,United Kingdom
INV10906,P8213,Both Politics,6,2023-10-20 16:39:08,47.82,10020.0,Canada
INV10709,P8216,Not Prevent,21,2025-04-13 17:51:31,75.32,10022.0,Netherlands
INV10358,P7745,,30,2023-09-14 09:38:15,23.66,10090.0,Canada
INV10258,P2312,Born Range,41,2025-05-16 19:13:31,41.54,10033.0,France
INV10744,P3847,West Word,28,2024-06-16 23:05:09,73.53,10009.0,Germany
INV10627,P5022,Bring Far,16,2024-10-28 01:33:07,2.33,10027.0,Canada
INV10632,P8613,Key After,14,2025-01-16 23:15:16,28.29,10076.0,Netherlands
INV10282,P1152,Story Student,12,2024-11-03 22:56:03,23.51,10061.0,USA
INV10376,P6378,Federal Four,3,2024-03-04 13:39:01,42.44,10061.0,Netherlands
INV10384,P6425,Company Product,24,2025-02-11 10:55:53,63.3,10043.0,United Kingdom
INV10224,P2528,Free Foot,19,2025-07-16 07:19:57,60.72,10080.0,United Kingdom
INV10963,P1153,Research Theory,39,2024-07-25 20:34:23,87.29,10053.0,France
INV10822,P7622,Election Game,8,2024-02-12 00:47:17,87.55,10058.0,Australia
INV10472,P5082,Together Election,-8,2024-08-03 14:02:18,55.46,10062.0,France
INV10347,P2684,Oil Interesting,47,2023-08-20 13:38:17,62.33,10077.0,Canada
INV10505,P4788,You Idea,30,2024-03-15 15:27:21,-13.741852115727035,10090.0,Netherlands
INV10639,P8988,Republican Major,11,2025-05-24 12:28:47,16.48,10025.0,Australia
INV10997,P3240,Know Word,45,2025-02-18 23:11:07,80.99,10082.0,USA
INV10797,P8245,Town Small,5,2024-08-13 13:24:33,4.08,10017.0,United Kingdom
INV10936,P3725,Establish Rest,22,2025-02-24 19:53:38,81.85,10077.0,Canada
INV10913,P3529,View Imagine,34,2024-05-11 22:33:07,60.8,10051.0,United Kingdom
INV10619,P9548,You Interview,16,2024-06-25 05:34:09,78.24,10042.0,Canada
INV10863,P8483,Fire Someone,29,2024-11-16 22:25:18,87.85,10044.0,Germany
INV10811,P7744,Sing Dream,1,2025-03-22 02:08:39,36.68,10059.0,Germany
INV10645,P5526,Focus Control,44,2025-01-17 01:47:38,32.2,10019.0,Netherlands
INV10854,P3522,Example Society,34,2025-05-20 10:45:14,5.57,10051.0,Netherlands
INV10556,P4467,Author Foot,8,2025-07-25 10:24:37,40.83,10047.0,Germany
INV10967,P3588,Cause Drop,26,2023-12-07 20:58:32,66.6,10010.0,France
INV10577,P3496,Threat Large,35,2025-02-17 03:27:49,37.97,10013.0,Australia
INV10795,P8708,Also General,5,2024-09-28 08:59:25,84.53,10098.0,Canada
INV10085,P8517,Southern Possible,16,2024-06-03 10:50:37,12.2,,United Kingdom
INV10242,P3536,Production Step,16,2025-07-07 00:44:39,68.33,10008.0,Netherlands
INV10698,P5494,Rich Himself,25,2023-11-10 18:04:08,87.34,10009.0,USA
INV10159,P4295,Born Dark,39,2024-08-22 06:19:14,53.69,10067.0,Australia
INV10524,P6763,By Either,49,2024-06-27 01:49:15,31.78,10034.0,Germany
INV10035,P6881,Whom Know,47,2024-09-20 19:46:59,53.82,10037.0,USA
INV10540,P3704,Operation Partner,33,2025-05-23 02:41:49,84.36,10068.0,Canada
INV10170,P6539,Almost Doctor,2,2025-03-04 14:39:48,19.27,10060.0,USA
INV10654,P8800,Read Into,50,2023-08-29 17:16:45,82.96,10015.0,Netherlands
INV10898,P7325,Rather Value,19,2023-10-19 19:35:39,64.32,10095.0,USA
INV10865,P7284,Trade Woman,10,2024-09-08 23:22:38,33.71,10048.0,France
INV10855,P9165,Second Mind,38,2024-10-05 18:49:41,57.15,10088.0,Germany
INV10952,P3868,People Reveal,43,2023-12-31 08:08:43,26.56,10092.0,Canada
INV10733,P5871,Congress But,38,2024-06-23 17:56:28,45.31,10086.0,Canada
INV10095,P4593,Front Suggest,15,2024-11-26 20:55:26,60.89,10064.0,Australia
INV10563,P5133,Try Learn,7,2025-08-07 17:30:43,6.23,10027.0,USA
INV10240,P7930,Born Difficult,11,2025-07-20 13:17:52,27.84,10023.0,Germany
INV10742,P3573,Sort Either,50,2025-04-20 12:42:55,4.3,10068.0,USA
INV10574,P5051,Decide Thank,37,2025-07-01 05:24:29,21.77,10083.0,Netherlands
INV10690,P5853,Collection Miss,8,2024-07-26 15:11:47,29.77,10097.0,France
INV10460,P9099,Memory Sell,26,2025-03-11 09:14:34,47.96,10095.0,USA
INV10553,P5262,Look Off,23,2023-11-29 02:14:08,17.52,10042.0,Australia
INV10886,P7180,Turn Alone,8,2024-12-12 13:09:48,3.49,10058.0,Germany
INV10206,P2790,Very Best,49,2023-10-06 23:25:40,18.67,10072.0,USA
INV10392,P8119,Involve Short,42,2024-01-30 08:02:04,27.34,10028.0,Canada
INV10794,P3870,Also Understand,17,2025-03-07 06:48:03,80.81,10070.0,Netherlands
INV10397,P2894,Important Will,33,2024-03-11 03:53:20,65.52,10094.0,Germany
INV10766,P5352,Artist Likely,10,2023-10-10 13:54:01,21.77,10017.0,USA
INV10883,P6654,For Message,31,2024-09-06 16:25:45,86.99,10007.0,Canada
INV10217,P5092,Finish Head,2,2025-07-29 22:09:18,67.91,10065.0,Netherlands
INV10004,P4657,Produce These,8,2024-12-25 05:09:08,44.28,,France
INV10768,P2169,Set Pull,50,2025-06-03 14:43:21,97.37,10039.0,USA
INV10642,P5232,Concern Service,12,2024-02-07 14:53:28,62.35,10039.0,USA
INV10905,P2644,Game Avoid,21,2024-08-01 19:17:03,27.89,10093.0,USA
INV10612,P2729,System Deal,9,2023-09-02 01:01:21,44.08,10045.0,USA
INV10738,P4404,Rest Outside,28,2024-03-15 05:28:43,89.82,10091.0,Canada
INV10546,P1444,Get Both,13,2024-03-24 19:15:32,78.26,10060.0,USA
INV10725,P5066,Three Feel,16,2024-12-06 10:25:51,36.31,10025.0,Canada
INV10683,P4545,Community Production,3,2024-12-20 03:50:36,14.96,10016.0,USA
INV10098,P9085,Try Citizen,25,2024-03-19 13:09:52,99.34,10050.0,France
INV10804,P6700,Brother Age,10,2023-08-16 07:54:08,65.87,10095.0,France
INV10727,P7818,Choice Image,11,2023-11-15 15:46:55,28.37,10003.0,United Kingdom
INV10573,P1508,Total Certain,10,2024-03-28 05:48:35,98.21,10041.0,France
INV10406,P4228,Act Fast,50,2025-03-09 18:29:03,94.34,10075.0,United Kingdom
INV10502,P2320,Her Reduce,39,2024-12-14 11:23:59,49.35,10042.0,France
INV10047,P2139,Service People,50,2025-04-11 15:40:50,64.36,10092.0,Australia
INV10032,P2519,Treat Guess,28,2024-06-10 18:05:59,38.56,10031.0,France
INV10779,P9199,Ago Land,26,2024-10-14 18:49:49,82.11,10039.0,United Kingdom
INV10839,P5719,Effort Interview,37,2024-05-04 11:04:40,97.3,10056.0,USA
INV10200,P8651,Modern Physical,15,2025-03-01 01:53:13,42.97,10086.0,United Kingdom
INV10134,P9689,Prevent Big,35,2024-12-25 14:56:44,11.78,10060.0,Netherlands
INV10027,P5552,Professor Beyond,44,2024-06-20 19:05:42,45.49,10009.0,Canada
INV10888,P6272,Form Contain,40,2023-08-30 09:36:00,9.14,10038.0,USA
INV10230,P4502,Hot Voice,32,2025-01-07 16:34:36,59.98,10033.0,Netherlands
INV10489,P5543,Voice Daughter,28,2025-05-10 22:27:14,75.07,10070.0,USA
INV10772,P5728,Try Official,1,2024-08-29 07:07:12,11.96,10078.0,Australia
INV10378,P2137,Necessary Price,25,2024-02-25 09:17:01,58.63,10095.0,USA
INV10288,P9288,Tree Health,35,2024-08-23 22:55:34,82.7,10028.0,France
INV10418,P7592,Really Enjoy,14,2023-12-06 23:46:31,89.05,10001.0,France
INV10674,P5118,New Off,31,2025-04-29 06:22:45,23.51,10056.0,United Kingdom
INV10391,P2776,Ask Address,27,2024-05-05 12:55:03,50.43,10005.0,United Kingdom
INV10592,P6111,,13,2025-07-12 22:32:07,99.12,10086.0,United Kingdom
INV10498,P5451,,26,2023-11-06 03:31:00,11.69,10047.0,Australia
INV10138,P1319,General Agreement,3,2025-07-10 05:56:03,48.19,10091.0,Germany
INV10062,P5374,Natural Song,50,2024-01-10 14:20:04,52.65,10095.0,Canada
INV10471,P1822,Major Think,48,2025-01-09 03:35:29,38.22,10036.0,Canada
INV10647,P9464,Politics Skin,38,2024-10-01 08:13:45,9.56,10028.0,Germany
INV10128,P9317,Significant Lawyer,44,2024-08-07 07:54:21,50.54,10057.0,Netherlands
INV10986,P7484,Fall Million,8,2023-10-15 18:24:49,74.36,10048.0,United Kingdom
INV10520,P1320,Every Hold,16,2025-02-05 18:23:00,28.51,10053.0,Australia
INV10838,P3146,So Face,15,2024-07-20 09:06:51,71.06,10061.0,Australia
INV10972,P7951,Affect Soon,20,2025-02-03 17:15:46,41.02,10062.0,United Kingdom
INV10064,P3803,Human Morning,4,2023-08-27 05:44:16,53.69,10046.0,France
INV10812,P9117,Science Simply,45,2024-03-06 05:56:31,7.78,10089.0,Netherlands
INV10014,P4811,Point Chair,24,2025-01-18 08:08:35,85.94,10097.0,United Kingdom
INV10156,P7932,Soon Indicate,30,2023-12-30 21:35:02,52.79,10083.0,United Kingdom
INV10040,P9785,Represent Official,21,2023-10-19 11:26:45,56.26,10049.0,Australia
INV10492,P4919,Yet National,49,2023-11-12 22:22:31,6.33,10001.0,Australia
INV10379,P5573,Nothing Prove,42,2024-06-24 00:52:25,68.42,10057.0,Australia
INV10187,P9834,Yard Hard,13,2024-07-12 02:54:48,18.3,10084.0,Canada
INV10763,P9922,Door Modern,47,2024-04-13 11:50:30,10.21,10012.0,Germany
INV10216,P8579,Consider Treatment,2,2025-06-18 17:14:11,60.11,10084.0,France
INV10791,P1339,Than Film,48,2025-02-02 10:46:31,44.12,10037.0,Canada
INV10052,P4814,Control Ball,28,2023-11-07 15:51:39,58.88,10091.0,Netherlands
INV10878,P9022,Finally Campaign,48,2025-08-05 09:49:13,22.8,10071.0,Netherlands
INV10337,P3426,East Responsibility,38,2025-05-30 08:38:01,1.03,10044.0,United Kingdom
INV10748,P7693,Cell Trade,27,2024-08-09 04:55:39,96.81,10043.0,Canada
INV10719,P2213,System Start,49,2024-06-11 20:15:05,40.34,10027.0,USA
INV10724,P2395,Return Director,3,2024-04-07 11:17:03,10.31,10035.0,Canada
INV10295,P5669,Everyone Here,33,2023-10-18 22:09:20,57.09,10072.0,France
INV10701,P5786,Bar Hit,6,2024-09-13 14:09:19,75.66,10014.0,Canada
INV10251,P1821,Full Threat,19,2025-05-11 15:34:17,34.02,10046.0,Germany
INV10726,P2940,Have Tax,23,2025-04-04 11:31:48,75.99,10085.0,Netherlands
INV10461,P7547,Mention Can,37,2024-03-25 07:23:21,12.28,,France
INV10455,P2193,We Resource,30,2025-07-24 09:17:08,96.02,10073.0,Australia
INV10626,P6280,Source Far,23,2023-09-06 08:22:49,47.73,10002.0,Netherlands
INV10815,P1601,Page Finally,1,2025-02-05 18:10:02,76.17,10053.0,Germany
INV10862,P4993,Partner From,5,2024-03-30 07:35:52,7.38,10012.0,Canada
INV10269,P9565,Young Pass,23,2024-01-26 13:51:50,73.98,10025.0,USA
INV10201,P1887,Establish Authority,32,2025-02-11 09:13:33,16.15,10079.0,Australia
INV10161,P7537,Include Lay,15,2025-06-01 19:28:39,9.87,10000.0,USA
INV10555,P6363,Become Open,26,2024-09-03 09:24:30,39.38,10019.0,Netherlands
INV10729,P9561,Home Ask,10,2025-06-25 06:37:06,64.62,10081.0,Australia
INV10401,P1727,Provide Model,39,2023-10-18 01:06:48,39.85,10089.0,USA
INV10702,P3068,Upon Almost,44,2024-10-12 23:14:57,2.78,10083.0,Australia
INV10476,P8612,Entire Specific,16,2024-08-25 23:01:33,92.9,10095.0,Netherlands
INV10821,P2899,Most He,31,2023-11-09 13:59:49,65.43,10031.0,United Kingdom
INV10771,P6039,Bring There,33,2024-05-26 21:49:49,91.9,10014.0,United Kingdom
INV10105,P2040,Student Include,24,2024-03-30 03:54:27,92.64,10027.0,France
INV10565,P8705,Others Which,50,2025-04-03 17:16:46,60.34,10062.0,Germany
INV10389,P5349,Man Trip,23,2025-02-03 07:30:56,27.32,10008.0,Australia
INV10001,P1409,Direction Main,29,2025-07-27 03:21:50,51.75,10082.0,Germany
INV10945,P8056,Third Whose,26,2025-04-20 00:37:20,45.61,10061.0,Netherlands
INV10992,P4770,Away Quickly,41,2024-09-08 21:09:13,53.72,10057.0,United Kingdom
INV10561,P5558,Certainly Seem,34,2024-01-17 08:58:08,23.32,10097.0,United Kingdom
INV10080,P4456,Usually Wind,8,2025-04-28 17:59:23,2.73,10015.0,France
INV10205,P6559,Everybody Economy,49,2023-10-03 16:00:45,54.0,10085.0,Canada
INV10034,P2584,Throughout Everybody,15,2023-11-16 03:28:12,36.32,10047.0,Germany
INV10775,P8679,Write Man,47,2023-11-15 18:34:38,90.23,10012.0,USA
INV10508,P4505,Worker Democrat,10,2025-02-06 17:59:12,61.58,10073.0,Germany
INV10427,P9977,Performance Attorney,22,2024-01-16 07:36:15,66.24,10080.0,Australia
INV10454,P8784,Each Evening,42,2025-02-06 20:02:00,7.86,10021.0,United Kingdom
INV10366,P4644,Card American,29,2024-08-09 08:27:57,41.08,10097.0,France
INV10091,P5304,Son Cost,25,2024-05-17 08:34:39,67.03,10076.0,United Kingdom
INV10339,P3088,Thing Class,8,2024-03-05 14:07:07,60.65,10019.0,Germany
INV10897,P7246,Herself High,50,2024-12-27 02:25:14,79.09,10012.0,Germany
INV10564,P2341,Require Use,4,2024-06-04 07:19:17,49.17,10068.0,Australia
INV10345,P4441,Organization None,33,2025-06-27 13:37:01,48.98,10002.0,United Kingdom
INV10776,P5982,From Group,49,2024-03-02 02:31:39,65.52,10080.0,USA
INV10241,P8973,Community Good,48,2024-09-30 22:26:58,59.69,10071.0,Germany
INV10013,P4582,Reality Cold,40,2024-02-22 13:24:25,40.51,10099.0,Germany
INV10315,P9280,Because Bag,16,2025-08-04 05:23:04,48.46,10045.0,USA
INV10600,P2983,Prepare Loss,20,2024-08-12 09:33:39,70.32,10064.0,France
INV10387,P5279,Finish Who,47,2025-01-30 23:14:35,5.22,10070.0,Canada
INV10273,P6147,Pattern Clear,35,2024-05-15 07:07:16,10.2,10068.0,France
INV10166,P2982,Door Significant,32,2023-10-23 20:00:58,52.73,10055.0,Australia
INV10840,P8178,Describe Remember,21,2024-02-04 19:31:17,82.78,10005.0,USA
INV10740,P5335,Again Page,26,2023-10-04 14:53:57,51.2,10095.0,Netherlands
INV10646,P1166,Last Two,17,2023-09-29 16:38:40,77.41,10007.0,France
INV10818,P6153,Player Speech,32,2024-09-20 16:46:51,80.93,10071.0,Netherlands
INV10484,P3607,Fill Despite,16,2024-01-21 13:33:55,26.58,10005.0,Canada
INV10990,P9138,Manager Note,19,2024-12-24 07:40:10,82.18,10012.0,France
INV10504,P3471,Mrs Hold,33,2023-12-04 10:51:51,34.9,10030.0,Canada
INV10831,P6927,Book Case,5,2025-04-06 19:09:59,80.43,10097.0,USA
INV10243,P4111,Question One,33,2023-11-18 15:55:50,23.85,10046.0,Netherlands
INV10566,P1317,Expert West,45,2025-06-03 05:08:14,60.61,10058.0,Australia
INV10875,P1042,Prevent Maintain,13,2024-05-26 00:01:57,57.76,10016.0,Canada
INV10562,P7906,Turn Pull,41,2024-03-08 15:14:06,70.59,10054.0,USA
INV10962,P5183,Pull Imagine,10,2024-04-23 19:13:25,5.02,10063.0,United Kingdom
INV10686,P9595,Meet Audience,50,2024-12-20 18:53:25,10.66,10093.0,France
INV10957,P3344,Message Day,35,2023-12-17 23:12:30,72.42,10055.0,Canada
INV10189,P8744,As Compare,3,2025-05-22 04:14:56,90.68,10008.0,Canada
INV10782,P8172,Trial Page,27,2023-11-10 13:08:54,25.19,10090.0,Netherlands
INV10699,P1745,Turn Put,33,2023-12-01 18:27:26,54.94,10031.0,Netherlands
INV10475,P3184,Money Power,1,2024-01-23 13:59:29,28.11,10020.0,Netherlands
INV10681,P4033,Small Event,19,2024-03-31 18:49:58,84.84,10011.0,Netherlands
INV10510,P7797,Together Front,36,2024-04-10 14:35:58,16.01,10090.0,France
INV10058,P3664,Life Mr,35,2024-03-08 11:03:40,32.99,10083.0,United Kingdom
INV10474,P8478,Full Discuss,45,2025-03-12 23:40:08,17.2,10069.0,USA
INV10560,P7211,Collection Seem,26,2024-12-16 11:54:52,11.31,10010.0,Germany
INV10856,P5781,Onto Over,33,2025-07-07 15:02:40,29.1,10040.0,Australia
INV10747,P1043,Present Such,36,2025-02-17 00:39:57,80.06,10098.0,Germany
INV10252,P8811,Maybe Only,26,2024-07-29 20:05:55,58.47,10064.0,France
INV10021,P8359,Best Knowledge,38,2024-07-25 15:50:11,88.49,10006.0,United Kingdom
INV10313,P4335,History Specific,2,2024-11-03 09:43:48,93.34,10010.0,Netherlands
INV10459,P7291,Million Guess,28,2025-05-07 06:15:29,13.4,10003.0,USA
INV10160,P6107,Then Who,45,2024-04-17 14:39:46,58.51,10068.0,Canada
INV10276,P7484,Page Maintain,26,2025-01-03 20:55:50,86.6,10066.0,Canada
INV10955,P4945,Audience Hundred,18,2024-09-05 04:17:55,72.12,10039.0,Australia
INV10191,P8749,Head Congress,6,2025-04-25 21:50:29,56.11,10034.0,Canada
INV10385,P1452,Past Start,50,2025-03-26 22:14:37,20.69,10028.0,Canada
INV10805,P7690,Old Issue,19,2025-06-12 20:57:47,99.18,,USA
INV10413,P5920,Before National,20,2024-05-20 22:09:40,82.69,10007.0,Canada
INV10491,P8939,President Kind,47,2024-09-29 14:28:38,18.88,10017.0,Germany
INV10343,P1653,Energy Behind,21,2023-12-01 03:21:37,19.99,10066.0,Germany
INV10769,P1977,Along Around,45,2024-03-15 15:12:05,34.35,10016.0,Canada
INV10308,P3546,Both Catch,25,2023-10-22 21:20:33,3.27,10065.0,Canada
INV10661,P7625,,19,2023-09-30 17:31:23,19.93,10055.0,France
INV10130,P3504,Capital Break,22,2025-02-17 11:28:49,95.2,10076.0,Canada
INV10663,P6016,Program Director,48,2024-03-05 06:59:50,31.56,10026.0,Australia
INV10871,P7798,Current All,5,2025-07-05 19:40:29,29.24,10096.0,Germany
INV10099,P2489,Others Personal,7,2023-10-04 14:24:56,75.49,10080.0,USA
INV10372,P4652,During Toward,21,2024-08-20 06:34:08,39.32,10007.0,Netherlands
INV10087,P5339,Yet Director,18,2023-12-25 17:34:38,91.95,10018.0,United Kingdom
INV10458,P4185,Accept Pull,19,2025-08-04 10:30:02,32.9,10078.0,Netherlands
INV10330,P1158,Rise Political,48,2024-09-23 12:49:08,77.9,10091.0,France
INV10214,P4006,Phone Lose,17,2024-11-12 07:07:24,15.04,10044.0,Australia
INV10466,P7965,Suggest Power,1,2024-04-19 01:28:46,16.51,10075.0,Australia
INV10121,P1053,Form Card,34,2024-04-20 10:29:18,55.02,10078.0,Canada
INV10614,P6934,Family Gas,28,2024-07-08 15:41:32,70.9,10049.0,Netherlands
INV10020,P4611,Lawyer Family,30,2024-08-24 15:02:37,24.23,10067.0,USA
INV10700,P1893,Politics Science,38,2023-09-09 03:35:54,76.08,10051.0,Canada
INV10071,P4598,Such Finish,26,2025-06-13 23:54:48,19.65,10039.0,USA
INV10106,P7304,Gas West,11,2024-05-09 19:57:56,44.38,,France
INV10270,P6183,Card Lose,31,2023-08-17 22:24:54,77.09,10016.0,France
INV10860,P8905,Poor Candidate,42,2024-07-22 19:57:57,73.29,10021.0,Australia
INV10435,P8238,International Treat,43,2024-06-30 12:28:53,97.1,10061.0,Canada
INV10102,P3504,Throw Carry,1,2024-05-11 04:05:25,11.8,10088.0,Canada
